product_id;movie_id;movie_title;price;image;actors;Attribute (Name:Type:Position);Value (Value:Position);0;Kategoria;Powiązania;Kraj wydania;Reżyseria;Obsada;Polska wersja;Opis;EAN;Dział;Data premiery;Tytuł oryginalny;Kraj;Rok produkcji;Scenariusz;Kategoria wiekowa (MPAA);Czas trwania;Dodatki;Obraz;Video;Rozdzielczość;Region Blu-Ray;Opakowanie;Liczba nośników
43;499549;Avatar [DVD];9.99;http://localhost/Kino/prestashop/img/p/43/43.jpg;Sigourney Weaver,Giovanni Ribisi,Stephen Lang,CCH Pounder,Zoe Saldana,Matt Gerald,Wes Studi,Debra Wilson,Scott Lawrence,Joel David Moore,Sam Worthington,Michelle Rodriguez,Laz Alonso,Peter Mensah,Jon Curry,Terry Notary,Kelson Henderson,James Gaylyn,Eoin Bates,T.J. Storm,Jessica J. Stowes,Matthew Chamberlain,Nathan Meister,Dean Knowsley,Kai Pantano,Alicia Vela-Bailey,Dileep Rao,Sean Patrick Murphy,David Sampen,David Van Horn,Jacob Tomuri,Julene Renee,Joseph Mika-Hunt,Richard Whiteside,Kelly Kilgour,Peter Dillon,Luke Hawker,Woody Schultz,Paul Yates,Nicole Dionne,Jahnel Curfman,Ilram Choi,Sara Wilson,Jamie Harrison,Kevin Dorman,Lisa Roumain,Sean Anthony Moran,Matt Clayton,Joshua Farcone,Jodie Taylor,Tim Simpson,Jason Whyte,James Patrick Pitt,Michael Blain-Rozgay,Julene Renee-Preciado,Chris Mala,Lucy Briant,Gerry Blair,April Marie Thomas,Allan Henry,Anthony Ingruber,Stuart Pollock,Gareth Ruck,Sonia Yee,Kyla Warren,Taylor Kibby,Frankie Torres,Brandon Jelkes,Micah Moch,Christopher Nolen,Ashley Jeffery,Logan Pithyou,Tim Mansell,Wiebe Marinus,Rhian Sheehan,Ken Ohara,Jodie Landau,Julie Lamm,Cullen B. Madden,Joseph Brady Madden,Austin Wilson,Tamica Washington-Miller,Wray Wilson,Melvin Leno Clark III,Carvon Futrell,Hanniyah Muhammad,Christa Oliver,Bravita A. Threatt,Colin Bleasdale,Mike Bodnar,Hamish Denston,Mia Dodson,Raja,Nikie Zambo,Luis G. Portillo;Jakość:select:0;DVD:0;0;Przygodowe , Science Fiction , Sensacyjne , Thrillery , Akcja;PROMOCJA,                                            20 filmów po 4.99 zł,                                            Filmowa wyprzedaż już od 4,99!!!,                                            Dla Żony,                                            Dla Kobiety;;James Cameron;Sigourney Weaver, Giovanni Ribisi, Stephen Langwięcej;lektornapisy;Oczekiwany z ogromnym zainteresowaniem pierwszy od czasu "Titanica" film Jamesa Camerona. Zrealizowana z niezwykłym rozmachem - w nowej technice kina trójwymiarowego - opowieść o komandosie, który uwikłany zostaje w wojnę dwóch cywilizacji. W rolach głównych: Sigourney Weaver, Michelle Rodriguez (serial TV "Zagubieni"), Giovanni Ribisi ("Szeregowiec Ryan"), Wes Studi ("Tańczący z wilkami"), Zoe Saldana ("Terminal") i CCH Pounder ("Bagdad Café")., Bohater, który wcale nie chce nim być. Niezwykła wyprawa. Wielka przygoda. Wybór pomiędzy życiem, które zostawił a niezwykłym nowym światem, który poznaje i uczy się nazywać swoim domem. Oto AVATAR Jamesa Camerona - najwspanialszy przygodowy film wszech czasów.;5903570141492;DVD;2010-04-22;Avatar;Wielka Brytania, USA, Wielka Brytania;2009;James Cameron;PG-13;162;bezpośredni dostęp do scen;16:9, 1,78:1 anamorficzny;;;;keep case;[1xDVD]
73;5268648;Listy do M. 2 [DVD];17.79;http://localhost/Kino/prestashop/img/p/73/73.jpg;Piotr Adamczyk,Piotr Glowacki,Tomasz Karolak,Maciej Stuhr,Krzysztof Czeczot,Slawomir Holland,Roma Gasiorowska,Krzysztof Stelmaszyk,Rafal Rutkowski,Zbigniew Konopka,Marcin Perchuc,Pawel Malaszynski,Malgorzata Kozuchowska,Agnieszka Wagner,Marcin Stec,Katarzyna Zielinska,Sebastian Perdek,Mateusz Grydlik,Malgorzata Pieczynska,Katarzyna Bujakiewicz,Wojciech Malajkat,Rafal Iwaniuk,Bernardeta Komiago,Norbert Rakowski,Magdalena Lamparska,Marta Zmuda Trzebiatowska,Agnieszka Dygant,Maciej Zakoscielny,Waldemar Blaszczyk,Wojciech Zoladkowicz,Nikodem Rozbicki,Stanislaw Biczysko,Anna Matysiak,Wladyslaw Grzywna,Przemyslaw Glapinski,Jakub Jankiewicz,Jan Cieciara,Julia Wróblewska,Mateusz Bieryt,Jakub Lasota,Julia WrĂłblewska,Hacen Sahraoui,Katarzyna Chrzanowska,Dorota Wellman,Malgorzta Kowalska,Marcin Prokop,Jan Saczek,Sound'n'Grace;Jakość:select:0;DVD:0;0;Komedie (polskie) , Romantyczne , Dramaty , Komedie;Świąteczne Evergreeny,                                            Filmy polskie na DVD i Blu-ray;Polska;Maciej Dejczer;Piotr Adamczyk, Piotr Glowacki, Tomasz Karolakwięcej;polska produkcja;Cztery lata po spektakularnym sukcesie "Listów do M." bohaterowie najpopularniejszej komedii wyświetlanej w polskich kinach w ciągu ostatnich 25 lat powracają. Listy do M. 2 mają w sobie wszystko to, za co pierwszy film pokochały miliony Polaków - światowy poziom realizacyjny, przebojową ścieżkę dźwiękową, wciągającą historię, błyskotliwy humor, prawdziwe wzruszenia i jeszcze więcej gwiazd w obsadzie. Tę najbardziej romantyczną komedię 2015 roku zobaczyło w kinach blisko 3 miliony widzów. Bohaterowie komedii świątecznej produkcji TVN rozśmieszają, wzruszają i inspirują do tego by uwierzyć, że w święta wszystko jest możliwe i że to właśnie miłość jest najlepszym prezentem pod choinkę. Tomasz Karolak, Maciej Zakościelny, Roma Gąsiorowska, Maciej Stuhr, Agnieszka Dygant, Piotr Adamczyk, Magdalena Lamparska, Małgorzata Kożuchowska, Marta Żmuda Trzebiatowska, Agnieszka Wagner, Wojciech Malajkat, Katarzyna Zielińska, Marcin Perchuć, Paweł Małaszyński, Katarzyna Bujakiewicz, Nikodem Rozbicki, Ania Matysiak i Julia Wróblewska odkrywają siłę miłości, nadziei i przebaczania w najbardziej wzruszającej komedii ostatnich lat.;5902115601903;DVD;2016-04-25;Listy do M. 2;Polska;2015;Marcin Baczynski, Mariusz Kuczewski;;99;bezpośredni dostęp do scen, menu interaktywne, sceny usunięte / niewykorzystane, galeria zdjęć;16:9, 2,40:1 anamorficzny;;;;keep case;[1xDVD]
59;4587656;Pierwsza Gwiazdka (booklet) [DVD];24.99;http://localhost/Kino/prestashop/img/p/59/59.jpg;Fred Tatasciore,Kari Wahlgren,Lex Lang,Mona Marshall,Scott Menville,Michelle Ruff,Bridget Hoffman,Christopher Plummer,Ving Rhames,Grant George,Eddie Frierson,Rif Hutton,Kris Kristofferson,David Cowgill,Gregg Berger,Anthony Anderson,Phil Morris,Keegan-Michael Key,Lynnanne Zager,Roger Craig Smith,Stephen Apostolina,Kirk Baily,Jackie Gonneau,Tracy Morgan,Kristin Chenoweth,Joel McCrary,June Christopher,Oprah Winfrey,Tyler Perry,Zachary Levi,Gabriel Iglesias,Justin Shenkarow,Gina Rodriguez,Mariah Carey,Devika Parikh,Pepper Sweeney,Shane Sweet,Steven Yeun,Melissa Sturm,Kerry Gutierrez,Warren Sroka,Ashley Peldon,Kelly Clarkson,Joe Whyte,Moira Quirk,Caitlin McKenna,Juan Pacheco,Dennis Singletary,Patricia Heaton,Joseph Sanfelippo,Aidy Bryant,Jessica Pennington,Delilah,William Townsend,Joel Osteen;Jakość:select:0;DVD:0;0;Komedie , Animacja , Fantasy , Przygodowe;Świąteczne filmy dla dzieci,                                            PROMOCJA;;Timothy Reckart;Fred Tatasciore, Kari Wahlgren, Lex Langwięcej;dubbingnapisy;Mały, lecz dzielny osiołek Bo tęskni za życiem z dala od codziennej harówki w wiejskim młynie. Któregoś dnia zbiera się na odwagę i wyrywa na wolność. W podróży towarzyszy mu urocza owieczka Ruth, która przypadkowo odłączyła się od stada i wesoły gołąb Dave o wielkich aspiracjach. Razem z zabawnymi wielbłądami oraz innymi nieco ekscentrycznymi zwierzętami, Bo i jego nowi przyjaciele podążają za gwiazdą, na spotkanie przygody marzeń, by wkrótce stać się bohaterami najwspanialszej opowieści wszech czasów.Materiały dodatkowe w wersji oryginalnej:? Śpiewaj razem z Bo i przyjaciółmi? Tańcz do ?Life Is Good" A Great Big World ? Teksty piosenek, które wykonują: Mariah Carey, Fifth Harmony, A Great Big World, Kelsea Ballerini, Kirk Franklin? DeVon Franklin: ?Wiara przez cały rok";5903570161100;DVD;2018-11-07;The Star;USA;2017;Simon Moore, Carlos Kotkin, Tom Sheridan;Approved;;bezpośredni dostęp do scen, menu interaktywne;16:9, 1,85:1 anamorficzny;;;;booklet;[1xDVD]
46;11871074;Dziewczyny z Dubaju [DVD];26.45;http://localhost/Kino/prestashop/img/p/46/46.jpg;Jan Englert,Katarzyna Figura,Ryszard Chlebus,Tomasz Sobczak,Aleksandra Justa,Michal Wlodarczyk,Paulina Galazka,Józef Pawlowski,Anna Karczmarczyk,Anita Jancia,Giulio Berruti,Sebastian Konrad,Katarzyna Sawczuk,Beata Scibakówna,Grzegorz Ciagardlak,Olga Kalicka,Joanna Bogacka,Jacek Grygorowicz,Gabriel Piotrowski,Michal Kasprzak,Dorota Rabczewska,Dominic Chambers,Sebastian Skalski,Olga Rayska,Agata Nizinska,Dominika Skoczylas,Michal Wolny,Hanna Koczewska,Kinga Jasik,Michal Piróg,Maria Sadowska,Waleria Gorobets,Iacopo Ricciotti,Andrea Preti,Tamer Karabay,Luca Molinari,Antonina Jarnuszkiewicz,Sylwia Sokolowska,Katarzyna Szklarczyk,Anna Wojdas,Katarzyna Pospiech,Adrian Labnowski,Marcela Leszczak,Kornelia Strzelecka,Adrianna Sledz,Philippe Barbieri,Alicja Blicharz,Sandra Rozwandowicz,Weronika Dzierzynska,Mostafa Medhat,Magdalena Brocki,Iga Kozinska,Sandra Dorsz,Marek Walczyk,Thomas Mora,Agnieszka Wasilewska,Didier Azede,Mark Tysper,Oliwia Buczkowska,Rania Aleksandra Al Nashif,Aniela Bogusz,Paulina Pastuszczak,Dominik Sucharski,Magdalena Lubacz,Laura Bulkin,Katarzyna Witt,Pawel Parszczewski,Wojciech Garwolinski,Wiktoria Jasinska,Lulu Malina,Laure Dabo,Tomasz Krasinski,Magdalena Klarowicz,Joanna Mateja,Kamil Dajtrowski,Lukasz Wala,Zaneta Swiezy,Patryk Balcerzak,Szymon Razowski,Radoslaw Krawczyk,Marzena Jakubiec,Mateusz Hulboj,Karolina Ledwon,Tomasz Zbijowski;Jakość:select:0;DVD:0;0;Dramaty;PROMOCJA;Polska;Maria Sadowska;Jan Englert, Katarzyna Figura, Ryszard Chlebuswięcej;polska produkcja;WIELKI PRZEBÓJ KINOWY, KTÓRY OBEJRZAŁO PONAD MILION WIDZÓW W POLSCE!Film petarda, który odsłania hipokryzję polskiego show-biznesu i ujawnią całą prawdę na temat "afery dubajskiej", w którą zamieszane były celebrytki, modelki, jak i znane postaci ze świata polityki, sportu czy biznesu.Emi to młoda ambitna dziewczyna, która od lat marzy o wielkim świecie. Gdy tylko nadarza się okazja, bez wahania wskakuje w jego tryby, stając się ekskluzywną damą do towarzystwa. Wkrótce to ona na zaproszenie arabskich szejków zaczyna werbować polskie miss, celebrytki, gwiazdy ekranu i modelki. Jednak ten niedostępny, opływający w luksusy świat już niedługo pokaże swoją mroczną stronę?;5906190327635;DVD;2022-03-25;Dziewczyny z Dubaju;Polska;2021;Mitja Okorn, Peter Pasyk, Agnieszka Olejnik, Piotr Krysiak, Dimitrij Potochnik, Lucas Coleman, Piotr Stanislaw, Kornelia Strzelecka, Max Turell, Markus Moretti, Jan Belcl;M;139;bezpośredni dostęp do scen, menu interaktywne;16:9;;;;keep case;[1xDVD]
53;2709692;Grinch [DVD];26.66;http://localhost/Kino/prestashop/img/p/53/53.jpg;Tara Strong,Jess Harnell,Carlos Alazraqui,Laraine Newman,Danny Mann,Mindy Sterling,John Kassir,Bill Farmer,Angela Lansbury,Benedict Cumberbatch,Jim Ward,John DeMita,Cathy Cavadini,Lori Alan,Barbara Harris,Townsend Coleman,Rashida Jones,Brian T. Delaney,Joel Swetow,Kenan Thompson,Pharrell Williams,Jeremy Maxwell,Carter Hastings,Aaron Fors,Michael Beattie,Doug Burch,Scott Mosier,Regina Taufen,Willow Geer,Evan Kishiyama,Ramone Hamilton,Sam Lavagnino,Scarlett Estevez,Alex Puccinelli,Georgia Toffolo,Abby Craden,Cameron Seely,Meilee Condron,Tucker Chandler,Emma Elizabeth Shannon,Tristan O'Hare,Dashiell Priestley;Jakość:select:0;DVD:0;0;Dla dzieci , Animacja , Musicale , Komedie , Fantasy;Świąteczne filmy dla dzieci;Polska;Scott Mosier, Yarrow Cheney;Tara Strong, Jess Harnell, Carlos Alazraquiwięcej;dubbingnapisy;Illumination i Universal Pictures przedstawiają film "Grinch", oparty na klasycznej opowieści Dr. Seussa. To historia cynicznego tetryka, który postanawia ukraść Boże Narodzenie, ale pod wpływem małej dziewczynki ulega cudownej metamorfozie. Zabawny, ciepły i porywający "Grinch" oferuje zabawę dla całej rodziny!;5902115612930;DVD;;The Grinch;Chiny, Francja, USA, Japonia;2018;Dr. Seuss, Tommy Swerdlow, Michael LeSieur;TV-PG;82;bezpośredni dostęp do scen, menu interaktywne;2,39:1 anamorficzny, 16:9;;;;keep case;[1xDVD]
56;107688;Miasteczko Halloween [DVD];27.99;http://localhost/Kino/prestashop/img/p/56/56.jpg;Danny Elfman,Catherine O'Hara,Paul Reubens,John Morris,Chris Sarandon,Judi M. Durand,William Hickey,Glenn Shadix,Daamen J. Krall,Greg Proops,Bobbi Page,David McCharen,Randy Crenshaw,Joe Ranft,David Randolph,Billie Hayes,Carmen Twillie,Gary Schwartz,Doris Hess,L. Peter Callender,Ken Page,Susan McBride,Edward Ivory,Sherwood Ball,Christina MacGregor,Debi Durst,Kerry Katz,Glenn Walters,Mia Brown,Ann Fraser,Jennifer Levey,Jesse McClurg,Robert Olague,Elena Praskin,Trampas Warman,Gary Raff;Jakość:select:0;DVD:0;0;Horrory , Fantasy;Disney DVD i Blu-ray,                                            Świąteczne filmy dla dzieci;Polska;Henry Selick;Danny Elfman, Catherine O'Hara, Paul Reubenswięcej;dubbingnapisy;Cyfrowo odnowiona i zremasterowana przy użyciu najnowocześniejszych technologii wersja „Miasteczka Halloween” to zachwycająca uczta dla oczu i uszu wszystkich miłośników Tima Burtona i jego mrocznej wyobraźni. Król Miasteczka Halloween, Jack Skellington, znudzony codziennym straszeniem trafia przypadkiem do Miasteczka Bożego Narodzenia i dla odmiany postanawia zająć się szerzeniem wesołego nastroju świąt. W wyniku jego radosnej misji Święty Mikołaj znajdzie się w niebezpieczeństwie, a same święta dla wszystkich dzieci zamienią się w koszmar! Poddaj się magii wyjątkowej muzyki skomponowanej przez Danny’ego Elfmana i zobacz, jak fantastyczne postacie stworzone przez Tima Burtona i Henry’ego Selicka ożywają na ekranie dzięki wysokiej jakości obrazu i dźwięku Blu-ray. „Miasteczko Halloween”, teraz jeszcze bardziej upiorne i wyjątkowe, to wspaniała rozrywka dla tych, którzy uwielbiają się bać!;7321917500326;DVD;2014-10-24;The Nightmare Before Christmas;USA;1993;Tim Burton, Caroline Thompson, Michael McDowell;;73;bezpośredni dostęp do scen, komentarz audio producenta Tima Burtona, reżysera Henry'ego Selicka oraz twórcy muzyki Danny'ego Elfmana, "Co to jest?" - Jack oprowadza po nawiedzonym domu, Christopher Lee czyta wiersz tima Burtona, Jak powstał film (dodatki dostępne z polskimi napisami);16:9, 1,66:1 anamorficzny;;;;keep case;[1xDVD]
34;13162484;Listy do M. 4 [DVD];33.99;http://localhost/Kino/prestashop/img/p/34/34.jpg;Janusz Chabior,Borys Szyc,Cezary Pazura,Robert Wabich,Piotr Adamczyk,Danuta Stenka,Eryk Lubos,Tomasz Karolak,Izabela Kuna,Pawel Burczyk,Magdalena Smalara,Stanislaw Brudny,Cezary Kosinski,Magdalena Rózczka,Rafal Zawierucha,Magdalena Boczarska,Mariusz Slupinski,Anna Smolowik,Joanna Kurowska,Kinga Ciesielska,Robert Mazurkiewicz,Tomira Kowalik,Bartlomiej Nowosielski,Wojciech Malajkat,Monika Pikula,Aleksander Janiszewski,Klaudiusz Kaufmann,Agnieszka Dygant,Piotr Lukaszczyk,Krzysztof Ogonek,Pawel Okonski,Ewa Zlotowska,Irena Melcer,Robert Talarczyk,Barbara Wrzesinska,Weronika Asinska,Marcin Gawel,Grzegorz Palkowski,Michal Zielinski,Maria Kania,Andrzej Oksza-Lapicki,Kaja Walden,Weronika Wachowska,Vanessa Aleksander,Mateusz Winek,Dominika Buczek,Joanna Gryga,Halina Jablonowska,Marcin Bubólka,Rozalia Mierzicka,Wojciech Wilinski,Andrzej Bychowski,Marta Dutkiewicz,Piotr Gawron-Jedlikowski,Damian Sosnowski,Tomasz Taranta,Barbara Kobrzynska,Barbara Mioduszewska,Joanna Pocica,Bruno Tomczyk,Aleksandra Zagrodzka,Sylwia Achu,Julia Chetnicka,Anna Maria Guzik,Paulina Kondrak,Oliwia Tarachimowicz,Matylda Radosz,Klaudia Koscista,Jakub Malesa,Ignacy Majewski,Dorota Ruskowska,Jakub Strach,Helena Urbanska;Jakość:select:0;DVD:0;0;Komedie (polskie) , Komedie;Filmy polskie na DVD i Blu-ray,                                            Polskie produkcje - Nowości,                                             Świąteczne Evergreeny;Polska;Patrick Yoka;Janusz Chabior, Borys Szyc, Cezary Pazurawięcej;polska produkcja;"Listy do M. 4" to nowa odsłona serii, której pierwsze trzy części przyciągnęły do kin blisko 9 milionów widzów. Uwielbiani bohaterowie wracają. Ich losy znów splotą się w przeddzień Bożego Narodzenia, a nowe postaci wywrócą ich życie do góry nogami.Gdy zbliża się Wigilia, wszystko może się zdarzyć! Nieoczekiwane zauroczenie, przerwane zaręczyny czy nieplanowane spotkanie sprawią, że bohaterowie na nowo będą musieli zdefiniować, czym jest dla nich "miłość do bliźniego". Świat Mela, Szczepana, Kariny i Wojciecha znów stanie na głowie? Między Karolinę i Filipa wkroczy nowa kobieta, a o Rudolfa upomni się przeszłość. W tym czasie nawet nieśmiały introwertyk wyjdzie z domu, a zbuntowany pechowiec okaże się muzycznym diamentem. Święta to magia, wystarczy dać jej szansę!;5906190327284;DVD;2021-10-25;Listy do M. 4;Polska;2021;Marcin Baczynski, Mariusz Kuczewski;PG-13;111;bezpośredni dostęp do scen, menu interaktywne;2,39:1 anamorficzny, 16:9;;;;keep case;[1xDVD]
47;499549;Avatar [Blu-Ray];34.6;http://localhost/Kino/prestashop/img/p/47/47.jpg;Sigourney Weaver,Giovanni Ribisi,Stephen Lang,CCH Pounder,Zoe Saldana,Matt Gerald,Wes Studi,Debra Wilson,Scott Lawrence,Joel David Moore,Sam Worthington,Michelle Rodriguez,Laz Alonso,Peter Mensah,Jon Curry,Sean Moran,Terry Notary,Kelson Henderson,James Gaylyn,Eoin Bates,T.J. Storm,Jessica J. Stowes,Matthew Chamberlain,Joel Moore,Dean Knowsley,Nathan Meister,Kai Pantano,Alicia Vela-Bailey,Sean Patrick Murphy,Noli McCool,Dileep Rao,David Sampen,Jacob Tomuri,David Van Horn,Julene Renee,Joseph Mika-Hunt,Richard Whiteside,Peter Dillon,Luke Hawker,Woody Schultz,Kelly Kilgour,Paul Yates,Nicole Dionne,Jahnel Curfman,Ilram Choi,Sara Wilson,Jamie Harrison,Kevin Dorman,Grant Roa,Lisa Roumain,Sean Anthony Moran,Amy Clover,Matt Clayton,Joshua Farcone,Jodie Taylor,Tim Simpson,Jason Whyte,James Patrick Pitt,Michael Blain-Rozgay,Julene Renee-Preciado,Camille Keenan,Chris Mala,Lucy Briant,Gerry Blair,April Marie Thomas,Allan Henry,Anthony Ingruber,Stuart Pollock,Gareth Ruck,Logan Pithyou,James Pitt,Sonia Yee,Kyla Warren,Taylor Kibby,Frankie Torres,Brandon Jelkes,Micah Moch,Christopher Nolen,Ashley Jeffery,Tim Mansell,Wiebe Marinus,Rhian Sheehan,Ken Ohara,Nick Miller,Andrew Emilio DeCesare,Jodie Landau,Julie Lamm,Cullen B. Madden,Joseph Brady Madden,Austin Wilson,Tamica Washington-Miller,Wray Wilson,Melvin Leno Clark III,Carvon Futrell,Hanniyah Muhammad,Christa Oliver,Bravita A. Threatt,Colin Bleasdale,Mike Bodnar,Hamish Denston,Mia Dodson,Raja,Nikie Zambo,Luis G. Portillo;Jakość:select:0;BLU-RAY:0;24.61;Przygodowe , Science Fiction , Akcja;XMAS,                                            XMAS fabuła;Polska;James Cameron;Sigourney Weaver, Giovanni Ribisi, Stephen Langwięcej;lektornapisy;Oczekiwany z ogromnym zainteresowaniem pierwszy od czasu "Titanica" film Jamesa Camerona. Zrealizowana z niezwykłym rozmachem - w nowej technice kina trójwymiarowego - opowieść o komandosie, który uwikłany zostaje w wojnę dwóch pozaziemskich cywilizacji. W rolach głównych: Sigourney Weaver, Michelle Rodriguez (serial TV "Zagubieni"), Giovanni Ribisi ("Szeregowiec Ryan"), Wes Studi ("Tańczący z wilkami"), Zoe Saldana ("Terminal") i CCH Pounder ("Bagdad Café")., Bohater, który wcale nie chce nim być. Niezwykła wyprawa. Wielka przygoda. Wybór pomiędzy życiem, które zostawił a niezwykłym nowym światem, który poznaje i uczy się nazywać swoim domem. Oto AVATAR Jamesa Camerona - najwspanialszy przygodowy film wszech czasów.;7321941508640;BLU-RAY;2021-04-28;Avatar;USA, Wielka Brytania;2009;James Cameron;TV-14, PG-13;162;bezpośredni dostęp do scen;16:9, 1,78:1 anamorficzny;;1080p;B, C;blu-ray case;[1xBLU-RAY]
48;2382320;007 James Bond Nie czas umierać [DVD];35.2;http://localhost/Kino/prestashop/img/p/48/48.jpg;Tina Simmons,Ty Hurley,Ralph Fiennes,Daniel Craig,Clem So,Jeffrey Wright,Ben Whishaw,Rory Kinnear,David Dencik,Christoph Waltz,John Farrer,Denis Khoroshko,Rami Malek,Naomie Harris,Billy Magnussen,David Olawale Ayinde,Priyanga Burford,Léa Seydoux,Joakim Skarli,Andrew G. Ogleby,Hugh Dennis,Gordon Alexander,Javone Prince,Winston Ellis,Paul O'Kelly,Douglas Bunn,Obie Matthew,Raymond Waring,Omar Alboukharey,Lampros Kalfuntzos,Rodrig Andrisan,Philip Philmar,Lourdes Faberes,Ana de Armas,Andy Cheung,Lashana Lynch,Rod Hunt,Tuncay Gunes,Steve Barnett,Andrew Reed,Brigitte Millar,Julian Ferro,Mark Gooden,Rae Lim,Andrei Nova,Amy Morgan,Iulia Filipovscaia,Ross Donnelly,Joe Grossi,Tim Wildman,Eliot Sumner,Amor Evans,Davina Moon,Gediminas Adomaitis,Ernest Gromov,Pio Amato,Lizzie Winkler,Mariia Legun,Michael Mercer,Michael Herne,Ahmed Bakare,Zoltan Rencsar,Dali Benssalah,Adnan Rashed,Hayden Phillips,Chi Chan,Lisa-Dorah Sonnet,Coline Defaud,Mathilde Bourbin,Nicola Olivieri,Mattia Lacovone,Giansalvatore Duca,Toby Sauerback,Callan Taverner,Yasmin Bird,Ali El Khodary,Michael Andrew Ajazi,Gemmar Mcfarlane,Leighton Laing,Kimo Armstrong;Jakość:select:0;DVD:0;0;Akcja , Thrillery , Przygodowe , Sensacyjne;007 James Bond,                                            007 James Bond Nie czas umierać;Polska;Cary Joji Fukunaga;Tina Simmons, Ty Hurley, Ralph Fienneswięcej;lektornapisy;James Bond opuszcza czynną służbę i cieszy się spokojnym życiem na Jamajce. Tymczasem jednak jego stary przyjaciel Felix Leiter z CIA zwraca się do niego o pomoc. Misja uratowania porwanego naukowca okazuje się o wiele bardziej zdradliwa, niż mogłoby się wydawać i naprowadza agenta 007 na ślad tajemniczego złoczyńcy, dysponującego nową, niezwykle niebezpieczną technologią.;7321960601018;DVD;2022-03-09;No Time to Die;Wielka Brytania, USA;2021, 2020;Ian Fleming, Phoebe Waller-Bridge, Neal Purvis, Robert Wade, Scott Z. Burns, Cary Joji Fukunaga;PG-13;157;bezpośredni dostęp do scen, menu interaktywne;16:9;;;;keep case;[1xDVD]
54;99487;Edward Nożycoręki [Blu-Ray];35.71;http://localhost/Kino/prestashop/img/p/54/54.jpg;Johnny Depp,Vincent Price,Marc Macaulay,Caroline Aaron,Brett Rice,Alan Arkin,Alan Fudge,Winona Ryder,Aaron Lustig,Biff Yeager,Kathy Baker,Anthony Michael Hall,Dianne Wiest,Susan Blommaert,Michael Brown,John Davidson,Conchata Ferrell,Donna Pieroni,O-Lan Jones,Steven Brill,Dick Anthony Williams,Bryan Larkin,John McMahon,Stuart Lancaster,Andrew B. Clark,Linda Perri,Peter Palmer,Gary Clark,Robert Oliveri,Gina Gallagher,Victoria Price,Carmen J. Alexander,Michael Gaughan,Sherry Ferguson,Tabetha Thomas,Tammy Boalo,Kathy Lockwood,Harvey Bellman,Bill Klein,James Spicer,Marti Greenberg,Kelli Crofton,Linda Jean Hess,Rosalyn Thomson,Lee Ralls,Eileen Meurer,Bea Albano,Ken DeVaul,Tricia Lloyd,Kathy Dombo,Rex Fox,Jackie Carson,Carol Crumrine,Suzanne Chrosniak,Ellin Dennis,Jalaine Gallion,Miriam Goodspeed,Dianne L. Green,Mary Jane Heath,Carol D. Klasek,Laura Nader,Doyle Anderson,Roland Douville,Russell E. Green,Cecil Hawkins,Jack W. Kapfhamer,Phil Olson,Joe Sheldon;Jakość:select:0;BLU-RAY:0;0;Dramaty , Fantasy;Hit dnia;Hiszpania;Tim Burton;Johnny Depp, Vincent Price, Marc Macaulaywięcej;lektornapisy;;8420266001672;BLU-RAY;;Edward Scissorhands;USA;1990;Tim Burton, Caroline Thompson;TV-PG;;bezpośredni dostęp do scen, menu interaktywne;16:9;;1080p;A, B, C;blu-ray case;[1xBLU-RAY]
65;99785;Kevin sam w domu / Kevin sam w Nowym Jorku [2DVD];36.51;http://localhost/Kino/prestashop/img/p/65/65.jpg;John Heard,Catherine O'Hara,Larry Hankin,Bill Erwin,Hope Davis,Daniel Stern,Gerry Becker,Jim Ortlieb,Joe Pesci,Peter Siragusa,John Candy,Gerry Bamman,Devin Ratray,Paula Newsome,James Ryan,Kieran Culkin,Billie Bird,Alan Wilder,Ken Hudson Campbell,Macaulay Culkin,Roberts Blossom,Matt Doherty,Kristin Minter,Senta Moses Mikan,Ralph Foody,Angela Goethals,Mark Beltzman,Ann Whitney,Terrie Snell,Virginia Smith,John Hardy,Michael C. Maronna,Ray Toler,Clarke Devereux,Porscha Radcliffe,Dianne B. Shaw,Michael Hansen,Diana Rein,Anna Slotky,Jeffrey Wiseman,Michael Guido,Kate Johnson,Monica Devereux,Hillary Wolf,Jedidiah Cohen,Victor Cole,Brittany Radcliffe,D. Danny Warhol,Tracy J. Connor,Sandra Macat,Peter Pantaleo,Lynn Mansbach,Richard J. Firfer,Jean-Claude Sciore,Edward Bruzan,Frank Cernugel,Eddie Korosa,Robert Okrzesik,Leo Perion,Vince Waidzulis;Jakość:select:0;DVD:0;0;Komedie;Świąteczne Evergreeny,                                            Świąteczne filmy dla dzieci,                                            XMAS,                                            XMAS kolekcje,                                            PROMOCJA;Polska;Chris Columbus;John Heard, Catherine O'Hara, Larry Hankinwięcej;lektor;Pakiet dwóch kultowych filmów o perypetiach Kevina McCallistera (Macaulay Culkin) i gamoniowatych włamywaczy (Joe Pesci i Daniel Stern). W pierwszej części próbują obrabować McCallissterów,  pod nieobecność rodziców. Z kolei w drugiej części akcja przenosi się do Nowego Jorku, gdzie złodzieje planują swój wielki skok. Bez tych filmów nie obejdzie się żaden świąteczny seans filmowy!;7321940509556;DVD;2021-12-08;Home Alone + Home Alone 2: Lost In New York;USA;1990;John Hughes;Approved, TV-PG;;bezpośredni dostęp do scen, menu interaktywne;16:9, 1,85:1;;;;keep case;[2xDVD]
40;8041270;Jurassic World Dominion [DVD];37.15;http://localhost/Kino/prestashop/img/p/40/40.jpg;Sam Neill,Jeff Goldblum,Laura Dern,Chris Pratt,BD Wong,Omar Sy,Bryce Dallas Howard,Campbell Scott,Kristoffer Polaha,Glynis Davies,Scott Haze,Dichen Lachman,Enzo Squillino Jr.,Elan Ross Gibson,Cokey Falkow,Lynn Hunter,Justice Smith,Ben Ashenden,Ben Cooke,Daniella Pineda,Elva Trill,DeWanda Wise,Alexander Owen,Varada Sethu,Freya Parker,Mamoudou Athie,Joe Azzopardi,Mo Brings Plenty,Dimitri 'Vegas' Thivaios,Isabella Sermon,Caleb Hearon,Ahir Shah,Emilie Jumeaux,Teresa Cendon-Garcia,Manuela Mora,Bastian Antonio Fuentes,Jasmine Chiu,Aisling Sharkey,Joel Elferink,Eleanor Tata,Cathleen Summers,Patrick Loungway,Michael Bendib,Yasmine Bouabid;Jakość:select:0;DVD:0;0;Przygodowe , Sensacyjne , Science Fiction;XMAS fabuła,                                            XMAS,                                            Jurassic World Dominion;Polska;Colin Trevorrow;Sam Neill, Jeff Goldblum, Laura Dernwięcej;dubbingnapisy;"Przeżyj zderzenie dwóch światów w sadze rozpoczętej przez film Park Jurajski, która zatoczyła koło w Jurassic World: Dominion. Cztery lata po zniszczeniu Isla Nublar dinozaury znowu wędrują po Ziemi. To, że te prehistoryczne drapieżniki ponownie zdominowały planetę, może mieć katastrofalne konsekwencje. Dwa pokolenia bohaterów jednoczą siły. Lekarze Ellie Sattler (Laura Dern), Ian Malcolm (Jeff Goldblum) i Alan Grant (Sam Neill) powracają, dołączają do Owena Grady (Chris Pratt) i Claire Dearing (Bryce Dallas Howard) i przeżywają niesamowitą przygodę, która raz na zawsze zadecyduje o losie ludzi i dinozaurów.";7321960601353;DVD;2022-09-08;Jurassic World Dominion;USA;2022;Michael Crichton, Colin Trevorrow, Derek Connolly, Emily Carmichael;PG-13;141;bezpośredni dostęp do scen, menu interaktywne;;;;;keep case;[1xDVD]
49;2953050;Nasze magiczne Encanto (Disney) [DVD];37.99;http://localhost/Kino/prestashop/img/p/49/49.jpg;John Leguizamo,Alan Tudyk,Olga Merediz,Wilmer Valderrama,Hector Elias,Stephanie Beatriz,Angie Cepeda,Diane Guerrero,Rose Portillo,Juan Castano,Carolina Gaitan,Rhenzy Feliz,Maluma,Sarah-Nicole Robles,María Cecilia Botero,Mauro Castillo,Jessica Darrow,Ravi Cabot-Conyers,Adassa,Noemi Josefina Flores,Jorge E. Ruiz Cano,Alyssa Bella Candiani,Paisley Herrera,Brooklyn Skylar Rodriguez,Ezra Rudulph;Jakość:select:0;DVD:0;0;Animacja;XMAS,                                            Disney DVD i Blu-ray,                                            PROMOCJA,                                            XMAS kids;;Byron Howard, Jared Bush, Charise Castro Smith;John Leguizamo, Alan Tudyk, Olga Meredizwięcej;dubbingnapisy;Witaj w "Naszym magicznym Encanto", pełnym porywających do tańca piosenek nagradzanego Lin-Manuela Mirandy! Ta bajecznie kolorowa produkcja Walt Disney Animation Studios przeniesie Cię w góry Kolumbii, gdzie w magicznym domu mieszka niezwykła rodzina Madrigal. Gdy zaczyna jej zagrażać nieznane niebezpieczeństwo ostatnią nadzieją okaże się Mirabel - jedyna z rodziny nieposiadająca magicznych mocy.;7321940509761;DVD;2022-07-13;Encanto;USA;2021;Lin-Manuel Miranda, Byron Howard, Charise Castro Smith, Jared Bush, Jason Hand, Nancy Kruse;PG;98;bezpośredni dostęp do scen, menu interaktywne;16:9;;;;keep case;[1xDVD]
32;1745960;Top Gun: Maverick [DVD];39.11;http://localhost/Kino/prestashop/img/p/32/32.jpg;Val Kilmer,Ed Harris,Tom Cruise,Jon Hamm,James Handy,Jennifer Connelly,Bob Stephenson,Glen Powell,Rachel Winfree,Charles Parnell,James Quach,Jean Louisa Kelly,Miles Teller,Jay Ellis,Nancy DeMars,Brandon Rush,Rachael Markarian,Mobin Khan,Raymond Lee,Kevin Pitcairn,Bashir Salahuddin,Chelsea Harris,Manny Jacinto,John Luder,Gerren Hall,Peter Mark Kendall,Brian Ferguson,Shannon Kane,Jake Picking,Lewis Pullman,Roberta Sparta,Jason Woods,Adam Pepper,Randy Davison,Monica Barbaro,Danny Ramirez,Sergio Briones,Andre Franco,Molly Malin,Chido Nwokocha,Conny Sharp,Austin Bowerman,Joseph Aro,Ernesto Chaverri,Carl Collanus,India Everett,Daniel Aryeh,Landon Gordon,Dana Byrne,Darnell Kirkwood,Ian Gary,Jennifer Messina,Tom Parks,Charlotte Xia,Stephanie Andrea Barron,Douglas Rouillard,Whylip Lee,Penelope Kapudija,Orion James,John Wilcox,Mark Anthony Cox,Kara Wang,Ghadir,Alexandra Kirr,Greg Tarzan Davis,Catherine Shrader Taylor,Alexandra Williams,Chaz Ingram,Madison A. Taylor,Tristan Henry,Doug Lito,Giulia Lupetti,Jack Emmel,Nicole Gilbert,Giancarlo Sta Cruz,Lyliana Wray,Skylar Witte,Jack Schumacher,Ari Huber,Leland Campbell,Alec Williams,John Visser,Janett Salas,John-Jonne Smith,Travis Fitzgerald,Amy S. Johnson,Ryan Kanfer,John Stableforth,Margatet Strabala,Ryan Heilmann,Shantel Limbo,Jason Robert Boles,Norman Ralph Eliasen,Jillian Moray,Lady Conny Sharples,Jill Pancio,Wyomi Reed,Filip Sertic;Jakość:select:0;DVD:0;-84.75;Dramaty , Akcja;Top Gun: Maverick;Polska;Joseph Kosinski;Val Kilmer, Ed Harris, Tom Cruisewięcej;lektornapisy;Po ponad trzydziestu latach w służbie amerykańskiej marynarki wojennej, jej czołowy pilot, Pete "Maverick" Mitchell jest tam, gdzie być powinien. Jako mistrz w swoim fachu testuje najnowocześniejsze maszyny. Kiedy powraca do TOP GUN, by wyszkolić elitarną grupę absolwentów musi zmierzyć się z duchami przeszłości i stanąć twarzą w twarz z porucznikiem Bradshawem, synem swojego zmarłego przyjaciela "Goose'a". Zaciekła rywalizacja wybucha, gdy piloci przygotowują się do misji. Od wybranych będzie ona wymagała największego poświęcenia.;7321955517485;DVD;2022-10-31;Top Gun: Maverick;USA, Chiny;2022, 2021;Ehren Kruger, Christopher McQuarrie, Peter Craig, Jim Cash, Jack Epps Jr., Eric Warren Singer, Justin Marks;PG-13;125;bezpośredni dostęp do scen, menu interaktywne;16:9;;;;keep case;[1xDVD]
44;11832046;Psi Patrol: Film [DVD];39.11;http://localhost/Kino/prestashop/img/p/44/44.jpg;Joe Pingue,Randall Park,Neil Crone,Kim Roberts,Tyler Perry,Jimmy Kimmel,Dax Shepard,Paul Braunstein,Yara Shahidi,Richard Binsley,Jamillah Ross,Josh Robert Thompson,Ron Pardo,Iain Armitage,Charlie Gallant,Callum Shoniker,Marsai Martin,Kim Kardashian,Keegan Hedley,Shayle Simons,Joshua Graham,Kingsley Marshall,Lilly Noelle Bartlam,Will Brisbin,Monique Alvarez;Jakość:select:0;DVD:0;0;Animacja , Komedie , Przygodowe;XMAS;Polska;Cal Brunker;Joe Pingue, Randall Park, Neil Cronewięcej;dubbing;"Psi Patrol wkracza do akcji? w swojej największej filmowej przygodzie!Humdinger, rywal psiaków i czarny charakter, zostaje burmistrzem Miasta Przygód i zaczyna siać w nim zamęt. Ryder i bohaterskie szczeniaki wrzucają wyższy bieg i stawiają czoła najtrudniejszej misji w swojej karierze. Znajdują nowego sojusznika, bystrego jamnika Liberty, i razem ruszają do akcji, by ocalić mieszkańców Miasta Przygód! Czy Psi Patrol zdoła ich uratować, zanim będzie za późno? W końcu żadne miasto nie jest za duże, ani żaden szczeniak nie jest za mały!";7321955516167;DVD;2022-11-23;PAW Patrol: The Movie;Kanada;2021;Keith Chapman, Billy Frolick, Cal Brunker, Bob Barlen;TV-G;82;bezpośredni dostęp do scen, menu interaktywne;;;;;keep case;[1xDVD]
55;12412888;Sonic 2. Szybki jak błyskawica [DVD];39.11;http://localhost/Kino/prestashop/img/p/55/55.jpg;Idris Elba,Rhys Williams,Mike Mitchell,James Marsden,Colleen O'Shaughnessey,Paul Lazenby,Jim Carrey,Tom Butler,Ben Schwartz,Simon Chin,Adam Pally,Shawn Stewart,Barry Nerling,Lee Majdoub,Fraser Corbett,Jeff Sanca,Scott Patey,Tika Sumpter,Johnson Phan,David Jacox,Don Lew,Shemar Moore,Natasha Rothwell,Ernie Jackson,Nito Larioza,Gerald Paetz,Rob 'Sluggo' Boyce,Elizabeth Bowen,Ted Barba,Kyle Riefsnyder,Angela Meryl,Colby Chartrand,Adrian Hein,Leif Havdale,Marcus Aurelio,Nilo Ghajar,Heath Stevenson,Doug Chapman,Vladimir Ruzich,Shay Kuebler,Melody Nosipho Niemann,Quinn Early,Robert Zen Humpage,Donna Jay Fulks,Tammy Nera,Kevin Mylrea,Jared Khalifa,Andrew Kyrzyk,Vladimir Raiman,Cheryl Lewis,Kevin Fortin,Sook Hexamer,Keiran Bohay,Jess Lundgren,Steve Chang,Brad Kalilimoku,Krista Alvarez,Alex Bogomolov,Eli Olson,Brennan Dyson,Mariah Dyson,Sarah Surh,Maria Ameerali,Parker Rowell-Laferriere,Corry Glass,Aiden Cass,Stanislav Galimkhanov,Shaun Magee,Yvetta Fisher,Saida Dyson,Katie Wright Pere,Ha'a Keaulana,Ashlei Tave,Tavita Woodard,Jason Triplett,Mike Rufino,Chad Keaulana;Jakość:select:0;DVD:0;0;Przygodowe , Animacja , Sensacyjne , Komedie;;Polska;Jeff Fowler;Idris Elba, Rhys Williams, Mike Mitchellwięcej;dubbingnapisy;Ulubiony niebieski jeż powraca w kolejnej przygodzie - SONIC 2: SZYBKI JAK BŁYSKAWICA. Po osiedleniu się w Green Hills, Sonic za wszelką cenę chce udowodnić, że może być prawdziwym bohaterem. Już wkrótce nadarza się ku temu okazja, ponieważ powraca Doktor Robotnik, tym razem ze swoim nowym pomocnikiem, Knucklesem. Ich nikczemny plan zakłada odnalezienie szmaragdu, który ma moc niszczenia cywilizacji. Sonic łączy siły z nowym przyjacielem Tailsem i wspólnie wyruszają w podróż, aby wpaść na trop szmaragdu, zanim trafi w niepowołane ręce.;7321955513319;DVD;2022-10-26;Sonic the Hedgehog 2;USA;2022;Josh Miller, John Whittington, Pat Casey;TV-PG, PG;117;bezpośredni dostęp do scen, menu interaktywne;16:9;;;;keep case;[1xDVD]
61;6467266;Sing 2 [DVD];39.99;http://localhost/Kino/prestashop/img/p/61/61.jpg;Tara Strong,Danny Mann,John Kassir,Bobby Cannavale,Scarlett Johansson,Nick Offerman,Matthew McConaughey,Fisher Stevens,Peter Serafinowicz,Cathy Cavadini,Barbara Harris,Reese Witherspoon,Julia Davis,Debra Wilson,Jennifer Saunders,Nick Kroll,Jason Schwartzman,Bono,Brian T. Delaney,Edgar Wright,Aaron Hendry,Pharrell Williams,Letitia Wright,Taron Egerton,Aaron Fors,Noreen Reardon,Adam Buxton,Wes Anderson,Doug Burch,Will Collyer,Scott Mosier,Colette Whitaker,Eric André,Regina Taufen,JP Karliak,Liza Seneca,Chelsea Peretti,Garth Jennings,Chris Renaud,Halsey,Hudson D'Andrea,Caspar Jennings,Tori Kelly,Asa Jennings,Igor Khait,Levi Nunez,Thomas Walters,Ava Kouloumbrakis,Jason Broad,Julianna Gamiz,Isa Hall,Louise Jennings,Ayden Soria,Nora Wyman,Remy Edgerly,George Griffiths,Katherine Kelloway,Vida Alves McConaughey,Joy Poirel,Adeline Krupinski Polidoro,Gary P. Rizzo,Gary A. Rizzo,Jack Stanton;Jakość:select:0;DVD:0;0;Animacja;XMAS;Polska;Garth Jennings, Christophe Lourdelet;Tara Strong, Danny Mann, John Kassirwięcej;dubbingnapisy;Ulubieni bohaterowie filmu Sing powracają w roztańczonej i rozśpiewanej produkcji studia Illumination! Optymistyczny koala Buster Moon i jego ekipa mają nowe, wielkie marzenie. Chcą zorganizować olśniewające show w światowej stolicy rozrywki, Redshore City. Jest tylko jeden haczyk: muszą przekonać największego rockowego outsidera, Claya Callowaya, aby do nich dołączył. Rosita, Ash, Johnny, Meena i Gunter powracają w nowym towarzystwie, wraz ze spektakularnymi przebojami w porywającym Sing 2! Poznaj niezwykłą moc muzyki, która potrafi uleczyć każde serce!;7321960601179;DVD;2022-05-13;Sing 2;USA;2021;Garth Jennings;PG;105;bezpośredni dostęp do scen, menu interaktywne;16:9;;;;keep case;[1xDVD]
72;1028532;Mój przyjaciel Hachiko [DVD];39.99;http://localhost/Kino/prestashop/img/p/72/72.jpg;David Boston,Richard Gere,Erick Avari,Cary-Hiroyuki Tagawa,Jason Alexander,Michael Kelly,John Franchi,Davenia McFadden,Joan Allen,Ellen Becker-Gray,Desiree April Connolly,Gary Roscoe,Bates Wilder,Russell Gibson,Donna Glee Reim,Americo Presciutti,Donald Warnock,Kevin DeCoste,Robert Capron,Vincent J. Earnshaw,Adam Masnyk,Albert Gornie,Patrick Mel Hayes,Steven Howitt,Eric Ryan,Rich Skinner,Gail Bruno,D.W. Cormier,Sarah Roemer,Troy Doherty,Becki Dennis,Robbie Sublett,Joseph Zamparelli,Denece Ryland,Timothy Crowe,Ryan Cultrera,Gloria Crist,Rich Tretheway,Oscar J. Castillo,Raymond Alongi,Roy Souza,Max Derderian,Mary Koomjian,Martin Montana,Ben Skinner,Tora HallstrĂśm,Tora Hallstrom,Donna Sorbello,Daniel Kirby,Thomas Tynell,Elizabeth Freeman,Morgan O'Brien,Rob Degnan,Frank S. Aronson,Ian Sherman,Blake Friedman,Luke Allard,Kira Arnold,Shane Farrell,Edward L. Papazian;Jakość:select:0;DVD:0;0;Biograficzne , Obyczajowe , Dramaty;WYŁĄCZNOŚĆ w DVDMAX;Polska;Lasse Hallström, Lasse HallstrĂśm;David Boston, Richard Gere, Erick Avariwięcej;lektornapisy;Profesor Wilson (Richard Gere) znajduje na stacji kolejowej uroczego, puchatego szczeniaka rasy Akita. Zabiera go do domu,, aby udzielić schronienia aż do chwili, kiedy zgłosi się po niego właściciel. Jednak nikt nie poszukuje psiaka, a rodzina, profesora szybko przyzwyczaja się do obecności puchatej kulki. Pies dostaje na imię Hachiko, wyrasta na dużego i mądrego, czworonoga, który staje się najwierniejszym i najbardziej oddanym przyjacielem profesora. Codziennie rano odprowadza go, na stację, a po południu czeka na niego na peronie. Ten rytuał powtarza się przez lata, dzień w dzień, niezależnie od pory, roku i pogody. Ale pewnego dnia profesor nie wraca z pracy... Od tego dnia Hachiko daje dowód tak wielkiej miłości i, wierności wobec swego pana, że legenda o tym najlepszym z przyjaciół trwa po dziś dzień.;5907561127700;DVD;2022-11-18;Hachi: A Dog's Tale;Wielka Brytania, USA, Wielka Brytania;2009;Kaneto Shindô, Stephen P. Lindsey, Kaneto ShindĂ´;G, TV-G;90;;16:9;;;;keep case;[1xDVD]
66;10648342;Thor: Miłość i grom [DVD];41.7;http://localhost/Kino/prestashop/img/p/66/66.jpg;Matt Damon,Sam Neill,Idris Elba,Stellan Skarsg?rd,Natalie Portman,Christian Bale,Russell Crowe,Bradley Cooper,Dave Bautista,Chris Pratt,Vin Diesel,Melissa McCarthy,Simon Russell Beale,Tessa Thompson,Ben Falcone,Chris Hemsworth,Kat Dennings,Elsa Pataky,Karen Gillan,Jaimie Alexander,Taika Waititi,Sean Gunn,Stellan Skarsgard,Pom Klementieff,Brett Goldstein,Andrew Crawford,Kuni Hashimoto,Stephen Curry,Stephen Hunter,Luke Hemsworth,Nico Cortez,Alan Dukes,Ben Sinclair,Eliza Matengu,Kaan Guldur,Arka Das,Greg Mitchell,Shari Sebbens,Yure Covich,Bobby Holland Hanton,Jonny Brugh,Brooke Satchwell,Zia Kelly,Priscilla Doueihy,Indiana Evans,Ava Caryofyllis,Luka Bale,Johnny Nasser,Gemma Dart,Adam Todd,Chloé Gouneau,Kim Doan,Simone Landers,Carly Rees,Suren Jayemanne,Natasha Cheng,Daley Pearson,Dianne Close,Briegh Winderbaum,Mayzie Winderbaum,Izaac Winderbaum,Alanis Long Borrello,Kieron L. Dyer,Manny Spero,Chanique Greyling,Rosangela Fasano,India Rose Hemsworth,Cameron Chapek,Tristan Hemsworth,Samson Alston,Alan Spies,Victoria Zerbst,Jenna Owen,Victoria Ferrara,Ava Rodrigo-Porter,Elsa Rodrigo-Porter,Indeia Booc,Indiana Ierano,Cayla Sutherland,Tui Vincent,Garth Wood,Matatia Foa'i,Alan Tsibulya,Simona Paparelli,Nicole Milinkovic,Chayla Korewha,Imaan Hadchiti,Carmen Foon,Clariza Vicente,Justin Paul Hitchcock,Nazih Kheir,Tatyana Gillam,Samantha Allsop,Olivia Vasquez,Josh Heuston,David Hambly,Janessa Dufty,Jane Yubin Kim,Dave Cory,Te Kainga O'Te Hinekahu Waititi,Sasha Hemsworth,Amalia Millepied,Molly Moriarty,Luc Barrett,Bo Chambers,Leeton Alan Ingrey,Jessica May Lynne,Sienna Ngeru,Gabriel Siemer,Arias Vang,Xander Mouradian,Matewa Kiritapu Waititi,Aleph Millepied,Joseph Bale,Hannah Gray,Luca Darda,Zali Mae Harrison,Evan Stanhope,Jaimee Rose Lynn,Rafael Siemer,Ronin Fabi,Corban Ierano,Jacob Yee;Jakość:select:0;DVD:0;0;Przygodowe , Akcja , Komedie , Sensacyjne;Marvel w promocyjnych cenach,                                            Thor: Miłość i grom;Polska;Taika Waititi;Matt Damon, Sam Neill, Idris Elbawięcej;dubbingnapisy;Więcej Thorów, więcej gromów! W filmie Marvel Studios "Thor: Miłość i grom" Bóg Piorunów (Chris Hemsworth) łączy siły z Walkirią, Korgiem i byłą dziewczyną Jane Foster (Natalie Portman), która stała się Potężną Thor. Razem muszą się zmierzyć z galaktycznym mordercą znanym jako Gorr Bogobójca (Christian Bale).;7321940510057;DVD;2022-10-05;Thor: Love and Thunder;Australia;2022;Stan Lee, Taika Waititi, Jennifer Kaytin Robinson, Jason Aaron;PG-13;114;bezpośredni dostęp do scen, menu interaktywne;;;;;keep case;[1xDVD]
45;5113044;Minionki: Wejście Gru [DVD];44.99;http://localhost/Kino/prestashop/img/p/45/45.jpg;Fred Tatasciore,Kevin Michael Richardson,Danny Trejo,John DiMaggio,Bob Bergen,Debi Derryberry,Steve Coogan,Dolph Lundgren,Mindy Sterling,Beau Billingslea,Jean-Claude Van Damme,Alan Arkin,Will Arnett,Steve Carell,James Sie,Barbara Harris,Debra Wilson,Michelle Yeoh,Lucy Lawless,Rza,Russell Brand,Taraji P. Henson,Dawnn Lewis,Julie Andrews,Kellen Goff,David Chen,Aaron Hendry,Jimmy O. Yang,David Randolph,Michael Beattie,Colette Whitaker,Will Collyer,Regina Taufen,Antonio Raul Corbo,JP Karliak,Evan Kishiyama,Ramone Hamilton,Pierre Coffin,Raymond S. Persi,Sam Lavagnino,Kyle Balda,Scarlett Estevez,Benjamin Plessala,Jake Green,Alex Puccinelli,Nev Scharrel,Meilee Condron,Levi Nunez,Meredith Pyle,Isa Hall,Amari McCoy,Nora Wyman,Catherine Cavadini,Carla Rempp,Nisa Ward;Jakość:select:0;DVD:0;0;Animacja , Przygodowe , Komedie , Dla dzieci;XMAS,                                            Minionki: Wejście Gru;Polska;Kyle Balda, Jonathan del Val, Brad Ableson;Fred Tatasciore, Kevin Michael Richardson, Danny Trejowięcej;dubbingnapisy;Późniejszy pan zła - Gru ma teraz 12 lat, mieszka na przedmieściach i w piwnicy knuje, jak zapanować nad światem. Kiedy niesławna grupa złoczyńców, o nazwie Straszliwa 6, pozbywa się swojego przywódcy, Gru próbuje wstąpić w jej szeregi. Staje się jednak jej śmiertelnym wrogiem i musi ratować się ucieczką. Pomagają mu w tym Minionki, które próbują opanować sztuki walki, aby stanąć w jego obronie. Gru tymczasem odkrywa, że nawet źli ludzie czasem potrzebują przyjaciół. Pełna humoru animacja Minionki: wejście Gru jest jeszcze bardziej emocjonująca niż wszystkie poprzednie części razem wzięte!;7321960601377;DVD;2022-10-13;Minions: The Rise of Gru;Francja, Japonia, USA;2022, 2021;Cinco Paul, Brian Lynch, Matthew Fogel;PG, TV-PG;83;bezpośredni dostęp do scen, menu interaktywne;16:9;;;;keep case;[1xDVD]
68;91369;Labirynt (30th Anniversary Edition) [DVD];57.44;http://localhost/Kino/prestashop/img/p/68/68.jpg;Kerry Shale,Timothy Bateson,Michael Hordern,David Bowie,Warwick Davis,David Healy,Frank Oz,Jennifer Connelly,Enn Reitel,John Bluthal,Robert Beatty,Richard Jones,Christopher Malcolm,Kenny Baker,Steve Whitmire,Sean Barrett,Peter Marinker,Michael Attwell,Louise Gold,Dave Goelz,Danny John-Jules,Kevin Clash,Anthony Jackson,Paul Grant,David Turner,Peter Burroughs,David Shaughnessy,Douglas Blackwell,Brian Henson,Mildred Shay,Jack Purvis,Malcolm Dixon,Jan Ravens,Denise Bryer,Nicholas Read,Shelley Thompson,Karen Prell,Percy Edwards,Peter Mandell,Peter Salmon,Paul Markham,David Alan Barclay,Michael Henbury Ballan,Rob Mills,Charles Augins,Danny Blackner,Katie Purvis,Linda Spriggs,Andrew Herd,Steve Nallon,Anthony Asbury,Toby Philpott,Kaefan Shaw,John Key,Sharon White,Toni Barry,Rollin Krewson,John Aron,Toby Clark,Tessa Crockett,Albert Wilkinson,Shari Weiser,Ron Mueck,Ian Thom,Cheryl Henson,Alistair Fullarton,Richard Bodkin,Elfrida Ashworth,Terry Dane,Anthony Georghiou,San Lee,Mark Lisle,Janis Mackintosh,Leonie Palette,Caroline Pope,Christopher Preston,Barrie J. Wilkinson,Toby Froud,Natalie Finland,Sherry Amott,Marc Antona,Margaret Foyer,Elizabeth A. Gilbert,Moira Grant,Derek Hartley,Douglas Howes,Penny Marsden,Kim Mendez,Wendy Millward,Peter Sim,Graeme Sneddon,Penny Stead,Graham Tudor-Phillips;Jakość:select:0;DVD:0;0;Musicale , Przygodowe , Dla dzieci , Fantasy;;Wielka Brytania;Jim Henson;Kerry Shale, Timothy Bateson, Michael Hordernwięcej;lektornapisy;;5035822072091;DVD;;Labyrinth;Wielka Brytania, USA;1986;Terry Jones, Jim Henson, Dennis Lee;;101;bezpośredni dostęp do scen, menu interaktywne;16:9, 2,35:1;;;;keep case;[1xDVD]
41;1745960;Top Gun: Kolekcja 2 Filmów [2DVD];67.35;http://localhost/Kino/prestashop/img/p/41/41.jpg;Val Kilmer,Ed Harris,Tom Cruise,Jon Hamm,James Handy,Jennifer Connelly,Bob Stephenson,Glen Powell,Rachel Winfree,Charles Parnell,James Quach,Jean Louisa Kelly,Miles Teller,Jay Ellis,Nancy DeMars,Brandon Rush,Rachael Markarian,Mobin Khan,Raymond Lee,Kevin Pitcairn,Bashir Salahuddin,Chelsea Harris,Manny Jacinto,John Luder,Gerren Hall,Peter Mark Kendall,Brian Ferguson,Shannon Kane,Jake Picking,Lewis Pullman,Roberta Sparta,Jason Woods,Adam Pepper,Randy Davison,Monica Barbaro,Danny Ramirez,Sergio Briones,Andre Franco,Molly Malin,Chido Nwokocha,Conny Sharp,Austin Bowerman,Joseph Aro,Ernesto Chaverri,Carl Collanus,India Everett,Daniel Aryeh,Landon Gordon,Dana Byrne,Darnell Kirkwood,Ian Gary,Jennifer Messina,Tom Parks,Charlotte Xia,Stephanie Andrea Barron,Douglas Rouillard,Whylip Lee,Penelope Kapudija,Orion James,John Wilcox,Mark Anthony Cox,Kara Wang,Ghadir,Alexandra Kirr,Greg Tarzan Davis,Catherine Shrader Taylor,Alexandra Williams,Chaz Ingram,Madison A. Taylor,Tristan Henry,Doug Lito,Giulia Lupetti,Jack Emmel,Nicole Gilbert,Giancarlo Sta Cruz,Lyliana Wray,Skylar Witte,Jack Schumacher,Ari Huber,Leland Campbell,Alec Williams,John Visser,Janett Salas,John-Jonne Smith,Travis Fitzgerald,Amy S. Johnson,Ryan Kanfer,John Stableforth,Margatet Strabala,Ryan Heilmann,Shantel Limbo,Jason Robert Boles,Norman Ralph Eliasen,Jillian Moray,Lady Conny Sharples,Jill Pancio,Wyomi Reed,Filip Sertic;Jakość:select:0;DVD:0;-56.510000000000005;Sensacyjne , Akcja , Dramaty;Top Gun: Maverick;Polska;Joseph Kosinski;Val Kilmer, Ed Harris, Tom Cruisewięcej;lektornapisy;Po ponad trzydziestu latach w służbie amerykańskiej marynarki wojennej, jej czołowy pilot, Pete "Maverick" Mitchell jest tam, gdzie być powinien. Jako mistrz w swoim fachu testuje najnowocześniejsze maszyny. Kiedy powraca do TOP GUN, by wyszkolić elitarną grupę absolwentów musi zmierzyć się z duchami przeszłości i stanąć twarzą w twarz z porucznikiem Bradshawem, synem swojego zmarłego przyjaciela "Goose'a". Zaciekła rywalizacja wybucha, gdy piloci przygotowują się do misji. Od wybranych będzie ona wymagała największego poświęcenia.;7321955446174;DVD;2022-10-31;Top Gun 2 Movie Collection;USA, Chiny;2021, 2022;Ehren Kruger, Christopher McQuarrie, Peter Craig, Jim Cash, Jack Epps Jr., Eric Warren Singer, Justin Marks;PG-13;105;bezpośredni dostęp do scen, menu interaktywne;16:9;;;;keep case;[2xDVD]
42;91203;Nieśmiertelny [Blu-Ray];69.99;http://localhost/Kino/prestashop/img/p/42/42.jpg;Clancy Brown,James Cosmo,Celia Imrie,Jon Polito,Sean Connery,Christopher Lambert,Hugh Quarshie,Louis Guss,Damien Leake,Roxanne Hart,Christopher Malcolm,Beatie Edney,Peter Diamond,Gordon Sterne,Sheila Gish,Buckley Norris,Ted Maynard,Ian Reddington,Alan North,Sion Tudor Owen,Ron Berglas,Edward Wiley,John Cassady,Alistair Findlay,Ian Tyler,Peter Banks,James McKenna,Anthony Mannino,Anthony Fusco,Corinne Russell,Billy Hartman,Helena Stevens,Nicola Ramsey,Waldo Roeg,Francis Dux,Prince Howell;Jakość:select:0;BLU-RAY:0;-40.0;Akcja , Fantasy , Przygodowe;Nieśmiertelny;Polska;Russell Mulcahy;Clancy Brown, James Cosmo, Celia Imriewięcej;lektornapisy;Connor MacLeod jest nieśmiertelny. To jego dar i przekleństwo. Raniony w walkach nie ginie, ale musi patrzeć jak przemijają jego ukochani. Od ponad 400 lat tuła się po świecie tocząc pojedynki, walcząc w bitwach i obserwując zmienne koleje historii. Wie, że gdzieś u kresu tej drogi czeka go najważniejsza walka z ostatnim z nieśmiertelnych. Zasada jest prosta: nieśmiertelni na przestrzeni wieków walczą ze sobą, eliminując się nawzajem. Ostatni dwaj stoczą zaś bój o Wielką Nagrodę. Jest koniec XX wieku, Nowy Jork, Connor już wie, że zostało ich tylko dwóch. Zbliża się ostateczne rozstrzygnięcie.;5903018622620;BLU-RAY;2022-11-24;Highlander;Wielka Brytania;1986;Gregory Widen, Larry Ferguson, Peter Bellwood;TV-14;116;bezpośredni dostęp do scen, menu interaktywne;16:9, 1,85:1 anamorficzny;;1080p;B;blu-ray case;[1xBLU-RAY]
58;3480822;Czarna Wdowa (steelbook) [Blu-Ray 4K]+[Blu-Ray];69.99;http://localhost/Kino/prestashop/img/p/58/58.jpg;William Hurt,Ray Winstone,Scarlett Johansson,Rachel Weisz,Michelle Lee,Robert Pralgo,Olga Kurylenko,David Harbour,Andrew Byron,Kurt Yue,Jose Miguel Vasquez,O-T Fagbenle,Jacinte Blankenship,C.C. Smiff,Florence Pugh,Josh Henry,Ryan Kiera Armstrong,Liran Nathan,Cali Nelle,Violet McGraw,Marcel Dorian,Geoffrey D. Williams,Nanna Blondell,Lucy Jayne Murray,Georgia Curtis,Aubrey Cleland,Aria Brooks,Ever Anderson,Simona Zivkovska,Eniko Fulop,Doug Robson,Olivier Richters,Liani Samuel,Lewis Young,Yolanda Lynes,Claudia Heinz,Jade Ma,Jade Xu,Zhane Samuels,Ione Butler,Martin Razpopov,Nina Novich,Dawid Szatarski,Erin Jameson,Shaina West,Fatou Bah,Lucy Cork,Lauren Okadigbo,Aurélia Agel,Shawarah Battles,Tabby Bond,Madeleine Nicholls,Yasmin Riley,Fiona Griffiths,Svetlana Constantine,Zoltan Nagy,Judit Varga-Szathmary,Noel Krisztian Kozak,Ed Ashe,Valentina Herrera,Danielle Jalade,Sophie Colgrove,Caister Choi;Jakość:select:0;BLU-RAY 4K:0;0;Akcja;;Hiszpania;Cate Shortland;William Hurt, Ray Winstone, Scarlett Johanssonwięcej;dubbingnapisy;;8717418595371;BLU-RAY 4K;;Black Widow;USA;2021;Ned Benson, Eric Pearson, Jac Schaeffer;PG-13;133;bezpośredni dostęp do scen, menu interaktywne;16:9;HDR10;4K, 1080p;A, B, C;steelbook;[1xBLU-RAY], [1xBLU-RAY 4K]
63;83944;Rambo. Pierwsza Krew [Blu-Ray];69.99;http://localhost/Kino/prestashop/img/p/63/63.jpg;Sylvester Stallone,Chris Mulkey,Bruce Greenwood,Brian Dennehy,John McLiam,Bill McKinney,Stephen E. Miller,Richard Crenna,Alf Humphreys,Don MacKay,Charles A. Tamburro,Michael Talbott,Stephen Dimopoulos,David Caruso,Gary Hetherington,Alex Kliner,David Petersen,David L. Crowley,Jack Starrett,Donald Adams,Raimund Stamm,Patrick Stack,Robert Metcalfe,Mike Winlaw,Craig Huston,Ian Hutchinson,Amy Alexander,R.G. Miller,Earl Klein,Danny Wozna,Peter Lonstrup,David Menzies,Frank Richter,Grahman L. Galativk;Jakość:select:0;BLU-RAY:0;-110.00000000000001;Akcja , Przygodowe , Thrillery;Rambo - wszystkie części na 4K Ultra HD, Blu-Ray i DVD!,                                            Wybuchowy pakiet Rambo;Polska;Ted Kotcheff;Sylvester Stallone, Chris Mulkey, Bruce Greenwoodwięcej;lektornapisy;Kultowy film kina akcji.John Rambo (Sylvester Stallone), żołnierz jednostek specjalnych Armii Stanów Zjednoczonych, bohater wojny w Wietnamie, po wojnie postanawia odnaleźć przyjaciela z  frontu. W miasteczku, do którego dociera, wdaje się w konflikt z szeryfem. Po ucieczce z aresztu, rozpoczyna samotną wojnę ze ścigającą go policją i Gwardią Narodową. Powstrzymać go może tylko jego dawny dowódca Samuel Trautman (Richard Crenna), który szkolił Rambo w sztuce walki i przetrwania.;5903018622507;BLU-RAY;2022-11-24;Rambo: First Blood;USA;1982;Sylvester Stallone, David Morrell, William Sackheim, Michael Kozoll;TV-MA;93;bezpośredni dostęp do scen, menu interaktywne;16:9, 2,35:1 anamorficzny;;1080p;B;blu-ray case;[1xBLU-RAY]
70;83944;Rambo Trylogia [3DVD];79.99;http://localhost/Kino/prestashop/img/p/70/70.jpg;Sylvester Stallone,Chris Mulkey,Bruce Greenwood,Brian Dennehy,John McLiam,Bill McKinney,Stephen E. Miller,Richard Crenna,Alf Humphreys,Don MacKay,Charles A. Tamburro,Michael Talbott,Stephen Dimopoulos,David Caruso,Gary Hetherington,Alex Kliner,David Petersen,David L. Crowley,Jack Starrett,Donald Adams,Raimund Stamm,Patrick Stack,Robert Metcalfe,Mike Winlaw,Craig Huston,Ian Hutchinson,Amy Alexander,R.G. Miller,Earl Klein,Danny Wozna,Peter Lonstrup,David Menzies,Frank Richter,Grahman L. Galativk;Jakość:select:0;DVD:0;-100.00000000000001;Akcja , Sensacyjne , Przygodowe , Thrillery;Rambo - wszystkie części na 4K Ultra HD, Blu-Ray i DVD!,                                            Wybuchowy pakiet Rambo;Polska;Ted Kotcheff;Sylvester Stallone, Chris Mulkey, Bruce Greenwoodwięcej;lektornapisy;;5903018622583;DVD;2022-11-24;Rambo Trilogy: Rambo First Blood / Rambo II / Rambo III;USA;1982;Sylvester Stallone, David Morrell, William Sackheim, Michael Kozoll;TV-MA;90, 92, 97;bezpośredni dostęp do scen, menu interaktywne;;;;;keep case;[3xDVD]
33;1745960;Top Gun: Maverick [Blu-Ray];87.3;http://localhost/Kino/prestashop/img/p/33/33.jpg;Val Kilmer,Ed Harris,Tom Cruise,Jon Hamm,James Handy,Jennifer Connelly,Bob Stephenson,Glen Powell,Rachel Winfree,Charles Parnell,James Quach,Jean Louisa Kelly,Miles Teller,Jay Ellis,Nancy DeMars,Brandon Rush,Rachael Markarian,Mobin Khan,Raymond Lee,Kevin Pitcairn,Bashir Salahuddin,Chelsea Harris,Manny Jacinto,John Luder,Gerren Hall,Peter Mark Kendall,Brian Ferguson,Shannon Kane,Jake Picking,Lewis Pullman,Roberta Sparta,Jason Woods,Adam Pepper,Randy Davison,Monica Barbaro,Danny Ramirez,Sergio Briones,Andre Franco,Molly Malin,Chido Nwokocha,Conny Sharp,Austin Bowerman,Joseph Aro,Ernesto Chaverri,Carl Collanus,India Everett,Daniel Aryeh,Landon Gordon,Dana Byrne,Darnell Kirkwood,Ian Gary,Jennifer Messina,Tom Parks,Charlotte Xia,Stephanie Andrea Barron,Douglas Rouillard,Whylip Lee,Penelope Kapudija,Orion James,John Wilcox,Mark Anthony Cox,Kara Wang,Ghadir,Alexandra Kirr,Greg Tarzan Davis,Alexandra Williams,Catherine Shrader Taylor,Chaz Ingram,Madison A. Taylor,Tristan Henry,Doug Lito,Giulia Lupetti,Jack Emmel,Nicole Gilbert,Giancarlo Sta Cruz,Lyliana Wray,Skylar Witte,Jack Schumacher,Ari Huber,Leland Campbell,Alec Williams,John Visser,Janett Salas,John-Jonne Smith,Travis Fitzgerald,Amy S. Johnson,Ryan Kanfer,John Stableforth,Margatet Strabala,Ryan Heilmann,Shantel Limbo,Jason Robert Boles,Norman Ralph Eliasen,Jillian Moray,Lady Conny Sharples,Jill Pancio,Wyomi Reed,Filip Sertic;Jakość:select:0;BLU-RAY:0;-36.56;Akcja , Dramaty;Top Gun: Maverick;Polska;Joseph Kosinski;Val Kilmer, Ed Harris, Tom Cruisewięcej;lektornapisy;Po ponad trzydziestu latach w służbie amerykańskiej marynarki wojennej, jej czołowy pilot, Pete "Maverick" Mitchell jest tam, gdzie być powinien. Jako mistrz w swoim fachu testuje najnowocześniejsze maszyny. Kiedy powraca do TOP GUN, by wyszkolić elitarną grupę absolwentów musi zmierzyć się z duchami przeszłości i stanąć twarzą w twarz z porucznikiem Bradshawem, synem swojego zmarłego przyjaciela "Goose'a". Zaciekła rywalizacja wybucha, gdy piloci przygotowują się do misji. Od wybranych będzie ona wymagała największego poświęcenia.;7321956496055;BLU-RAY;2022-10-31;Top Gun: Maverick;USA, Chiny;2022, 2021;Ehren Kruger, Christopher McQuarrie, Peter Craig, Jim Cash, Jack Epps Jr., Eric Warren Singer, Justin Marks;PG-13;130;bezpośredni dostęp do scen, menu interaktywne;16:9;;1080p;B;blu-ray case;[1xBLU-RAY]
36;91203;Nieśmiertelny [Blu-Ray 4K];109.99;http://localhost/Kino/prestashop/img/p/36/36.jpg;Clancy Brown,James Cosmo,Celia Imrie,Jon Polito,Sean Connery,Christopher Lambert,Hugh Quarshie,Louis Guss,Damien Leake,Roxanne Hart,Christopher Malcolm,Beatie Edney,Peter Diamond,Gordon Sterne,Sheila Gish,Buckley Norris,Ted Maynard,Ian Reddington,Alan North,Sion Tudor Owen,Ron Berglas,Edward Wiley,John Cassady,Alistair Findlay,Ian Tyler,Peter Banks,James McKenna,Anthony Mannino,Anthony Fusco,Corinne Russell,Billy Hartman,Helena Stevens,Nicola Ramsey,Waldo Roeg,Francis Dux,Prince Howell;Jakość:select:0;BLU-RAY 4K:0;0;Przygodowe , Fantasy , Akcja;Nieśmiertelny;Polska;Russell Mulcahy;Clancy Brown, James Cosmo, Celia Imriewięcej;lektornapisy;Connor MacLeod jest nieśmiertelny. To jego dar i przekleństwo. Raniony w walkach nie ginie, ale musi patrzeć jak przemijają jego ukochani. Od ponad 400 lat tuła się po świecie tocząc pojedynki, walcząc w bitwach i obserwując zmienne koleje historii. Wie, że gdzieś u kresu tej drogi czeka go najważniejsza walka z ostatnim z nieśmiertelnych. Zasada jest prosta: nieśmiertelni na przestrzeni wieków walczą ze sobą, eliminując się nawzajem. Ostatni dwaj stoczą zaś bój o Wielką Nagrodę. Jest koniec XX wieku, Nowy Jork, Connor już wie, że zostało ich tylko dwóch. Zbliża się ostateczne rozstrzygnięcie.;5903018622613;BLU-RAY 4K;2022-11-24;Highlander Blu-Ray 4K;Wielka Brytania;1986;Gregory Widen, Larry Ferguson, Peter Bellwood;TV-14;116;bezpośredni dostęp do scen, menu interaktywne;16:9, 1,85:1 anamorficzny;;4K;A, B, C;blu-ray case;[1xBLU-RAY 4K]
60;83944;Rambo. Pierwsza Krew [Blu-Ray 4K];109.99;http://localhost/Kino/prestashop/img/p/60/60.jpg;Sylvester Stallone,Chris Mulkey,Bruce Greenwood,Brian Dennehy,John McLiam,Bill McKinney,Stephen E. Miller,Richard Crenna,Alf Humphreys,Don MacKay,Charles A. Tamburro,Michael Talbott,Stephen Dimopoulos,David Caruso,Gary Hetherington,Alex Kliner,David Petersen,David L. Crowley,Jack Starrett,Donald Adams,Raimund Stamm,Patrick Stack,Robert Metcalfe,Mike Winlaw,Craig Huston,Ian Hutchinson,Amy Alexander,R.G. Miller,Earl Klein,Danny Wozna,Peter Lonstrup,David Menzies,Frank Richter,Grahman L. Galativk;Jakość:select:0;BLU-RAY 4K:0;-70.00000000000001;Przygodowe , Akcja;Wybuchowy pakiet Rambo,                                            Rambo - wszystkie części na 4K Ultra HD, Blu-Ray i DVD!;Polska;Ted Kotcheff;Sylvester Stallone, Chris Mulkey, Bruce Greenwoodwięcej;lektornapisy;Kultowy film kina akcji.John Rambo (Sylvester Stallone), żołnierz jednostek specjalnych Armii Stanów Zjednoczonych, bohater wojny w Wietnamie, po wojnie postanawia odnaleźć przyjaciela z  frontu. W miasteczku, do którego dociera, wdaje się w konflikt z szeryfem. Po ucieczce z aresztu, rozpoczyna samotną wojnę ze ścigającą go policją i Gwardią Narodową. Powstrzymać go może tylko jego dawny dowódca Samuel Trautman (Richard Crenna), który szkolił Rambo w sztuce walki i przetrwania.;5903018622514;BLU-RAY 4K;2022-11-24;Rambo: First Blood Blu-Ray 4K;USA;1982;Sylvester Stallone, David Morrell, William Sackheim, Michael Kozoll;TV-MA;93;bezpośredni dostęp do scen, menu interaktywne;16:9, 2,35:1 anamorficzny;;4K;A, B, C;blu-ray case;[1xBLU-RAY 4K]
64;1160419;Diuna [Blu-Ray 4K]+[Blu-Ray];116.99;http://localhost/Kino/prestashop/img/p/64/64.jpg;Charlotte Rampling,Stellan Skarsg?rd,Josh Brolin,Oscar Isaac,Dave Bautista,Michael Nardone,David Dastmalchian,Javier Bardem,Stephen Collins,Roger Yuan,Neil Bell,Jason Momoa,Rebecca Ferguson,Richard Carter,Marianne Faithfull,Stephen McKinley Henderson,Jean Gilpin,Ellen Dubin,Souad Faress,Chen Chang,Duncan Pow,Sharon Duncan-Brewster,Babs Olusanmokun,Zendaya,Timothée Chalamet,Björn Freiberg,Oliver Ryan,Jimmy Walker,Tachia Newall,Golda Rosheuvel,Seun Shote,Ben Dilloway,Paul Bullion,Charlie Rawes,Chang Chen,Gloria Obianyo,Fehinti Balogun,Károly Baksai,Craig Douglas,Balázs Megyeri,Ferenc Iván Szabó,István Áldott,Peter Sztojanov Jr.,Benjamin Clémentine,Elmi Rashid Elmi,Dora Kápolnai-Schvab,Joelle,Laszlo Szilagyi,Milena Sidorova,János Timkó;Jakość:select:0;BLU-RAY 4K:0;0;Science Fiction;XMAS,                                            Diuna;Polska;Denis Villeneuve;Charlotte Rampling, Stellan Skarsg?rd, Josh Brolinwięcej;lektornapisy;Hit kinowy 2021 roku! Wizualno-muzyczne arcydzieło z gwiazdorską obsadą. Diuna to widowiskowa ekranizacja kultowej powieści Franka Herberta przedstawiająca dzieje krainy Arrakis, zwanej Diuną. Z rozkazu Padyszacha Imperatora planetę przejmują Atrydzi, zaciekli wrogowie władających nią dotychczas Harkonnenów. Zwycięstwo księcia Leto Atrydy jest jednak pozorne - przejęcie planety zostało bowiem ukartowane.;7321931400992;BLU-RAY 4K;2022-01-12;Dune 4K;USA;2021;Eric Roth, Denis Villeneuve, Jon Spaihts, Frank Herbert;PG-13;;bezpośredni dostęp do scen, menu interaktywne;16:9, 2,39:1;;4K, 1080p;A, B, C;blu-ray case;[1xBLU-RAY], [1xBLU-RAY 4K]
31;1745960;Top Gun: Maverick [Blu-Ray 4K];123.86;http://localhost/Kino/prestashop/img/p/31/31.jpg;Val Kilmer,Ed Harris,Tom Cruise,Jon Hamm,James Handy,Jennifer Connelly,Bob Stephenson,Glen Powell,Rachel Winfree,Charles Parnell,James Quach,Jean Louisa Kelly,Miles Teller,Jay Ellis,Nancy DeMars,Brandon Rush,Rachael Markarian,Mobin Khan,Raymond Lee,Kevin Pitcairn,Bashir Salahuddin,Chelsea Harris,Manny Jacinto,John Luder,Gerren Hall,Peter Mark Kendall,Brian Ferguson,Shannon Kane,Jake Picking,Lewis Pullman,Roberta Sparta,Jason Woods,Adam Pepper,Randy Davison,Monica Barbaro,Danny Ramirez,Sergio Briones,Andre Franco,Molly Malin,Chido Nwokocha,Conny Sharp,Austin Bowerman,Joseph Aro,Ernesto Chaverri,Carl Collanus,India Everett,Daniel Aryeh,Landon Gordon,Dana Byrne,Darnell Kirkwood,Ian Gary,Jennifer Messina,Tom Parks,Charlotte Xia,Stephanie Andrea Barron,Douglas Rouillard,Whylip Lee,Penelope Kapudija,Orion James,John Wilcox,Mark Anthony Cox,Kara Wang,Ghadir,Alexandra Kirr,Greg Tarzan Davis,Alexandra Williams,Catherine Shrader Taylor,Chaz Ingram,Madison A. Taylor,Tristan Henry,Doug Lito,Giulia Lupetti,Jack Emmel,Nicole Gilbert,Giancarlo Sta Cruz,Lyliana Wray,Skylar Witte,Jack Schumacher,Ari Huber,Leland Campbell,Alec Williams,John Visser,Janett Salas,John-Jonne Smith,Travis Fitzgerald,Amy S. Johnson,Ryan Kanfer,John Stableforth,Margatet Strabala,Ryan Heilmann,Shantel Limbo,Jason Robert Boles,Norman Ralph Eliasen,Jillian Moray,Lady Conny Sharples,Jill Pancio,Wyomi Reed,Filip Sertic;Jakość:select:0;BLU-RAY 4K:0;0;Akcja , Dramaty;Top Gun: Maverick;Polska;Joseph Kosinski;Val Kilmer, Ed Harris, Tom Cruisewięcej;lektornapisy;Po ponad trzydziestu latach w służbie amerykańskiej marynarki wojennej, jej czołowy pilot, Pete "Maverick" Mitchell jest tam, gdzie być powinien. Jako mistrz w swoim fachu testuje najnowocześniejsze maszyny. Kiedy powraca do TOP GUN, by wyszkolić elitarną grupę absolwentów musi zmierzyć się z duchami przeszłości i stanąć twarzą w twarz z porucznikiem Bradshawem, synem swojego zmarłego przyjaciela "Goose'a". Zaciekła rywalizacja wybucha, gdy piloci przygotowują się do misji. Od wybranych będzie ona wymagała największego poświęcenia.;7321956517477;BLU-RAY 4K;2022-10-31;Top Gun: Maverick 4K;USA, Chiny;2022, 2021;Ehren Kruger, Christopher McQuarrie, Peter Craig, Jim Cash, Jack Epps Jr., Eric Warren Singer, Justin Marks;PG-13;130;bezpośredni dostęp do scen, menu interaktywne;16:9;HDR10;4K;A, B, C;blu-ray case;[1xBLU-RAY 4K]
71;12593682;Bullet Train [Blu-Ray];127.99;http://localhost/Kino/prestashop/img/p/71/71.jpg;Michael Shannon,Brad Pitt,Michelle Lee,Sandra Bullock,Joey King,Hiroyuki Sanada,Pasha D. Lychnikoff,Aaron Taylor-Johnson,Logan Lerman,Masi Oka,Brian Tyree Henry,Arnold Chun,David Leitch,Jim Garrity,Jason Matthew Smith,Nancy Daly,Zazie Beetz,Andrew Koji,Jenson Cheng,Nobuaki Shimamoto,Tania Verafield,Karen Fukuhara,Yoshi Sudarso,Naomi Matsuda,Bad Bunny,Johanna Watts,Benmio McCrea,Pancho Cardena,Minchi Murakami,Kaori Taketani,Garland Scott,Kevin Akiyoshi Ching,Toshitaka Katsumi,Emelina Adams,Ian Gabriel Martinez,Julio Gabay,Andrea Munoz,Primus Johnson,Miles Marz,Parker Lin,Zooey Miyoshi,Kamil Aydin;Jakość:select:0;BLU-RAY:0;0;Akcja , Komedie , Thrillery;;Wielka Brytania;David Leitch;Michael Shannon, Brad Pitt, Michelle Leewięcej;napisy;;5050629427837;BLU-RAY;2022-10-24;Bullet Train;USA;2022;Kôtarô Isaka, Zak Olkewicz;R;126;;16:9, 2,39:1;;1080p;B;blu-ray case;[1xBLU-RAY]
35;1745960;Top Gun: Kolekcja 2 Filmów [2xBlu-Ray];129.99;http://localhost/Kino/prestashop/img/p/35/35.jpg;Val Kilmer,Ed Harris,Tom Cruise,Jon Hamm,James Handy,Jennifer Connelly,Bob Stephenson,Glen Powell,Rachel Winfree,Charles Parnell,James Quach,Jean Louisa Kelly,Miles Teller,Jay Ellis,Nancy DeMars,Brandon Rush,Rachael Markarian,Mobin Khan,Raymond Lee,Kevin Pitcairn,Bashir Salahuddin,Chelsea Harris,Manny Jacinto,John Luder,Gerren Hall,Peter Mark Kendall,Brian Ferguson,Shannon Kane,Jake Picking,Lewis Pullman,Roberta Sparta,Jason Woods,Adam Pepper,Randy Davison,Monica Barbaro,Danny Ramirez,Sergio Briones,Andre Franco,Molly Malin,Chido Nwokocha,Conny Sharp,Austin Bowerman,Joseph Aro,Ernesto Chaverri,Carl Collanus,India Everett,Daniel Aryeh,Landon Gordon,Dana Byrne,Darnell Kirkwood,Ian Gary,Jennifer Messina,Tom Parks,Charlotte Xia,Stephanie Andrea Barron,Douglas Rouillard,Whylip Lee,Penelope Kapudija,Orion James,John Wilcox,Mark Anthony Cox,Kara Wang,Ghadir,Alexandra Kirr,Greg Tarzan Davis,Alexandra Williams,Catherine Shrader Taylor,Chaz Ingram,Madison A. Taylor,Tristan Henry,Doug Lito,Giulia Lupetti,Jack Emmel,Nicole Gilbert,Giancarlo Sta Cruz,Lyliana Wray,Skylar Witte,Jack Schumacher,Ari Huber,Leland Campbell,Alec Williams,John Visser,Janett Salas,John-Jonne Smith,Travis Fitzgerald,Amy S. Johnson,Ryan Kanfer,John Stableforth,Margatet Strabala,Ryan Heilmann,Shantel Limbo,Jason Robert Boles,Norman Ralph Eliasen,Jillian Moray,Lady Conny Sharples,Jill Pancio,Wyomi Reed,Filip Sertic;Jakość:select:0;BLU-RAY:0;6.13000000000001;Dramaty , Akcja;Top Gun: Maverick;Polska;Joseph Kosinski;Val Kilmer, Ed Harris, Tom Cruisewięcej;lektornapisy;Po ponad trzydziestu latach w służbie amerykańskiej marynarki wojennej, jej czołowy pilot, Pete "Maverick" Mitchell jest tam, gdzie być powinien. Jako mistrz w swoim fachu testuje najnowocześniejsze maszyny. Kiedy powraca do TOP GUN, by wyszkolić elitarną grupę absolwentów musi zmierzyć się z duchami przeszłości i stanąć twarzą w twarz z porucznikiem Bradshawem, synem swojego zmarłego przyjaciela "Goose'a". Zaciekła rywalizacja wybucha, gdy piloci przygotowują się do misji. Od wybranych będzie ona wymagała największego poświęcenia.;7321956446173;BLU-RAY;2022-10-31;Top Gun 2 Movie Collection;USA, Chiny;2021, 2022;Ehren Kruger, Christopher McQuarrie, Peter Craig, Jim Cash, Jack Epps Jr., Eric Warren Singer, Justin Marks;PG-13;130;bezpośredni dostęp do scen, menu interaktywne;16:9;;1080p;B;blu-ray case;[2xBLU-RAY]
50;111161;Skazani na Shawshank (steelbook) [Blu-Ray 4K]+[Blu-Ray];149.99;http://localhost/Kino/prestashop/img/p/50/50.jpg;Clancy Brown,Morgan Freeman,William Sadler,Mark Rolston,Don McManus,Bob Gunton,Ned Bellamy,Tim Robbins,Gil Bellows,James Whitmore,Jeffrey DeMunn,Jude Ciccolella,David Proval,V.J. Foster,Ken Magee,Bill Bolender,Joseph Ragno,Brian Libby,Larry Brandenburg,Paul McCrane,Frank Medrano,Neil Summers,Paul Kennedy,Dana Snyder,Dion Anderson,Neil Giuntoli,Gary Lee Davis,Brian Brophy,Brian Delate,Rohn Thomas,Morgan Lund,Alfonso Freeman,Vincent Foster,Gordon Greene,Dorothy Silver,Robert Haley,James Kisicki,John Horton,Scott Mann,Mack Miles,Claire Slemmer,Joe Pecoraro,Donald Zinn,Renee Blaine,John E. Summers,Alan R. Kessler,Cornell Wallace,Harold E. Cope Jr.,John D. Craig,Eugene C. DePasquale,Ron Newell,John R. Woodward,Chuck Brauchler,Charlie Kearns,Rob Reider;Jakość:select:0;BLU-RAY 4K:0;0;Dramaty;;Hiszpania;Frank Darabont;Clancy Brown, Morgan Freeman, William Sadlerwięcej;lektornapisy;Wybitna adaptacja opowiadania Stephena Kinga, nominowana do siedmiu nagród Akademii Filmowej? teraz w doskonałej jakości obrazu i dźwięku 4K UHD. Skazany na dożywocie Red (Morgan Freeman) doskonale zna więzienie Shawshank. Nowy więzień Andy (Tim Robbins) przynosi nadzieję i odmianę wszystkim więźniom.;8717418592332;BLU-RAY 4K;;The Shawshank Redemption 4K;USA;1994;Stephen King, Frank Darabont;TV-14;93;bezpośredni dostęp do scen, menu interaktywne;16:9, 1,85:1 anamorficzny;HDR10;4K, 1080p;A, B, C;steelbook;[1xBLU-RAY], [1xBLU-RAY 4K]
52;133093;Matrix (Titans of Cult) (steelbook) [Blu-Ray 4K]+[2xBlu-Ray];149.99;http://localhost/Kino/prestashop/img/p/52/52.jpg;Laurence Fishburne,Robert Taylor,Keanu Reeves,Joe Pantoliano,Hugo Weaving,Carrie-Anne Moss,Matt Doran,David Aston,Bill Young,Anthony Ray Parker,Paul Goddard,Marc Aden Gray,Marcus Chong,Belinda McClory,Robert Simper,Fiona Johnson,Steve Dodd,Julian Arahanga,Gloria Foster,Deni Gordon,Tamara Brown,David O'Connor,Harry Lawrence,Nigel Harbach,Rowan Witt,Lawrence Woodward,Ada Nicodemou,Luke Quinton,Bernard Ledger,Chris Pattinson,Eleanor Witt,Janaya Pender,Adryn White,Natalie Tjen,Jeremy Ball,Michael Butcher;Jakość:select:0;BLU-RAY 4K:0;0;Akcja , Science Fiction;;Hiszpania;Lana Wachowski, Lilly Wachowski;Laurence Fishburne, Robert Taylor, Keanu Reeveswięcej;lektornapisy;;8717418587468;BLU-RAY 4K;;The Matrix;USA;1999;Lilly Wachowski, Lana Wachowski;R;136;bezpośredni dostęp do scen, menu interaktywne;16:9;HDR10, Dolby Vision;4K, 1080p;A, B, C;steelbook;[1xBLU-RAY], [1xBLU-RAY 4K]
37;83944;Rambo Trylogia [3xBlu-Ray];179.99;http://localhost/Kino/prestashop/img/p/37/37.jpg;Sylvester Stallone,Chris Mulkey,Bruce Greenwood,Brian Dennehy,John McLiam,Bill McKinney,Stephen E. Miller,Richard Crenna,Alf Humphreys,Don MacKay,Charles A. Tamburro,Michael Talbott,Stephen Dimopoulos,David Caruso,Gary Hetherington,Alex Kliner,David Petersen,David L. Crowley,Jack Starrett,Donald Adams,Raimund Stamm,Patrick Stack,Robert Metcalfe,Mike Winlaw,Craig Huston,Ian Hutchinson,Amy Alexander,R.G. Miller,Earl Klein,Danny Wozna,Peter Lonstrup,David Menzies,Frank Richter,Grahman L. Galativk;Jakość:select:0;BLU-RAY:0;0;Thrillery , Akcja , Przygodowe;Wybuchowy pakiet Rambo,                                            Rambo - wszystkie części na 4K Ultra HD, Blu-Ray i DVD!;Polska;Ted Kotcheff;Sylvester Stallone, Chris Mulkey, Bruce Greenwoodwięcej;lektornapisy;;5903018622590;BLU-RAY;2022-11-24;Rambo Trilogy: Rambo First Blood / Rambo II / Rambo III;USA;1982;Sylvester Stallone, David Morrell, William Sackheim, Michael Kozoll;TV-MA;93, 95, 101;bezpośredni dostęp do scen, menu interaktywne;;;1080p;B;blu-ray case;[3xBLU-RAY]
38;1745960;Top Gun: Maverick (steelbook) (Gold) [Blu-Ray 4K]+[Blu-Ray];219.99;http://localhost/Kino/prestashop/img/p/38/38.jpg;Val Kilmer,Ed Harris,Tom Cruise,Jon Hamm,James Handy,Jennifer Connelly,Bob Stephenson,Glen Powell,Rachel Winfree,Charles Parnell,James Quach,Jean Louisa Kelly,Miles Teller,Jay Ellis,Nancy DeMars,Brandon Rush,Rachael Markarian,Mobin Khan,Raymond Lee,Kevin Pitcairn,Bashir Salahuddin,Chelsea Harris,Manny Jacinto,John Luder,Gerren Hall,Peter Mark Kendall,Brian Ferguson,Shannon Kane,Jake Picking,Lewis Pullman,Roberta Sparta,Jason Woods,Adam Pepper,Randy Davison,Monica Barbaro,Danny Ramirez,Sergio Briones,Andre Franco,Molly Malin,Chido Nwokocha,Conny Sharp,Austin Bowerman,Joseph Aro,Ernesto Chaverri,Carl Collanus,India Everett,Daniel Aryeh,Landon Gordon,Dana Byrne,Darnell Kirkwood,Ian Gary,Jennifer Messina,Tom Parks,Charlotte Xia,Stephanie Andrea Barron,Douglas Rouillard,Whylip Lee,Penelope Kapudija,Orion James,John Wilcox,Mark Anthony Cox,Kara Wang,Ghadir,Alexandra Kirr,Greg Tarzan Davis,Alexandra Williams,Catherine Shrader Taylor,Chaz Ingram,Madison A. Taylor,Tristan Henry,Doug Lito,Giulia Lupetti,Jack Emmel,Nicole Gilbert,Giancarlo Sta Cruz,Lyliana Wray,Skylar Witte,Jack Schumacher,Ari Huber,Leland Campbell,Alec Williams,John Visser,Janett Salas,John-Jonne Smith,Travis Fitzgerald,Amy S. Johnson,Ryan Kanfer,John Stableforth,Margatet Strabala,Ryan Heilmann,Shantel Limbo,Jason Robert Boles,Norman Ralph Eliasen,Jillian Moray,Lady Conny Sharples,Jill Pancio,Wyomi Reed,Filip Sertic;Jakość:select:0;BLU-RAY 4K:0;96.13000000000001;Dramaty , Akcja;Top Gun: Maverick;Włochy;Joseph Kosinski;Val Kilmer, Ed Harris, Tom Cruisewięcej;lektornapisy;Po ponad 30 latach w służbie amerykańskiej marynarce wojennej, Pete "Maverick" Mitchell (Tom Cruise) jest tam, gdzie powinien być - na szczycie. Jest mistrzowskim pilotem, testującym najnowocześniejsze maszyny. Kiedy staje na czele pilockiej spec-grupy szkolącej jej uczestników do udziału w misji, jakiej dotąd nie było, przychodzi mu spotkać się z porucznikiem Bradleyem Bradshawem (Miles Teller), o kryptonimie "Rooster", synem jego przyjaciela oficera Nicka Bradshawa, kryptonim "Goose", który przed laty zginął podczas jednej z misji.Maverick musi stawić czoła niepewnej przyszłości oraz duchom przeszłości. Mierzy się ze swymi lękami i demonami, czego kulminacją będzie ostateczne poświęcenie tych, którzy zostaną wybrani do misji. W filmie zobaczymy m.in. Toma Cruise'a, Milesa Tellera, Jennifer Connelly, Jona Hamma oraz Eda Harrisa.;4020628666057;BLU-RAY 4K;2022-10-31;Top Gun: Maverick;USA, Chiny;2021, 2022;Ehren Kruger, Christopher McQuarrie, Peter Craig, Jim Cash, Jack Epps Jr., Eric Warren Singer, Justin Marks;PG-13;130;bezpośredni dostęp do scen, menu interaktywne;16:9;HDR10;2160p, 4K, 1080p;A, B, C;steelbook;[1xBLU-RAY], [1xBLU-RAY 4K]
67;1745960;Top Gun: Maverick (steelbook) (Blue) [Blu-Ray 4K]+[Blu-Ray];229.99;http://localhost/Kino/prestashop/img/p/67/67.jpg;Val Kilmer,Ed Harris,Tom Cruise,Jon Hamm,James Handy,Jennifer Connelly,Bob Stephenson,Glen Powell,Rachel Winfree,Charles Parnell,James Quach,Jean Louisa Kelly,Miles Teller,Jay Ellis,Nancy DeMars,Brandon Rush,Rachael Markarian,Mobin Khan,Raymond Lee,Kevin Pitcairn,Bashir Salahuddin,Chelsea Harris,Manny Jacinto,John Luder,Gerren Hall,Peter Mark Kendall,Brian Ferguson,Shannon Kane,Jake Picking,Lewis Pullman,Roberta Sparta,Jason Woods,Adam Pepper,Randy Davison,Monica Barbaro,Danny Ramirez,Sergio Briones,Andre Franco,Molly Malin,Chido Nwokocha,Conny Sharp,Austin Bowerman,Joseph Aro,Ernesto Chaverri,Carl Collanus,India Everett,Daniel Aryeh,Landon Gordon,Dana Byrne,Darnell Kirkwood,Ian Gary,Jennifer Messina,Tom Parks,Charlotte Xia,Stephanie Andrea Barron,Douglas Rouillard,Whylip Lee,Penelope Kapudija,Orion James,John Wilcox,Mark Anthony Cox,Kara Wang,Ghadir,Alexandra Kirr,Greg Tarzan Davis,Alexandra Williams,Catherine Shrader Taylor,Chaz Ingram,Madison A. Taylor,Tristan Henry,Doug Lito,Giulia Lupetti,Jack Emmel,Nicole Gilbert,Giancarlo Sta Cruz,Lyliana Wray,Skylar Witte,Jack Schumacher,Ari Huber,Leland Campbell,Alec Williams,John Visser,Janett Salas,John-Jonne Smith,Travis Fitzgerald,Amy S. Johnson,Ryan Kanfer,John Stableforth,Margatet Strabala,Ryan Heilmann,Shantel Limbo,Jason Robert Boles,Norman Ralph Eliasen,Jillian Moray,Lady Conny Sharples,Jill Pancio,Wyomi Reed,Filip Sertic;Jakość:select:0;BLU-RAY 4K:0;106.13000000000001;Dramaty , Akcja;Top Gun: Maverick;Polska;Joseph Kosinski;Val Kilmer, Ed Harris, Tom Cruisewięcej;lektornapisy;Po ponad trzydziestu latach w służbie amerykańskiej marynarki wojennej, jej czołowy pilot, Pete "Maverick" Mitchell jest tam, gdzie być powinien. Jako mistrz w swoim fachu testuje najnowocześniejsze maszyny. Kiedy powraca do TOP GUN, by wyszkolić elitarną grupę absolwentów musi zmierzyć się z duchami przeszłości i stanąć twarzą w twarz z porucznikiem Bradshawem, synem swojego zmarłego przyjaciela "Goose'a". Zaciekła rywalizacja wybucha, gdy piloci przygotowują się do misji. Od wybranych będzie ona wymagała największego poświęcenia.;7321957517476;BLU-RAY 4K;2022-10-31;Top Gun: Maverick 4K Blue steelbook;USA, Chiny;2021, 2022;Ehren Kruger, Christopher McQuarrie, Peter Craig, Jim Cash, Jack Epps Jr., Eric Warren Singer, Justin Marks;PG-13;130;bezpośredni dostęp do scen, menu interaktywne;16:9;HDR10;4K, 1080p;A, B, C;steelbook;[1xBLU-RAY], [1xBLU-RAY 4K]
69;120737;Władca Pierścieni Trylogia (wersja rozszerzona) [BOX] [6xBlu-Ray]+[9DVD];230.99;http://localhost/Kino/prestashop/img/p/69/69.jpg;Christopher Lee,John Rhys-Davies,Sean Bean,Ian Holm,Andy Serkis,Elijah Wood,Sean Astin,Ian McKellen,Cate Blanchett,Viggo Mortensen,Marton Csokas,Sam Kelly,Hugo Weaving,Orlando Bloom,Liv Tyler,Robert Young,Sala Baker,Alan Lee,Dominic Monaghan,Billy Boyd,Chris Ryan,Peter Jackson,Alan Howard,Jed Brophy,William Johnson,Ian Mune,Phil Grieve,Sabine Crossen,Craig Parker,Andrew Stehlin,Cameron Rhodes,Billy Jackson,Bret McKenzie,Shane Rangi,Lawrence Makoare,Katie Jackson,Bill Johnson,Brian Sergent,Chris Reid,Ben Fransham,Peter Daube,Shane Dawson,Mark Ferguson,Ray Henwood,Tim Wong,David Weatherley,Ben Price,Timothy Bartlett,Winham Hammond,Megan Edwards,Peter Corrigan,Lori Dungey,Riley Brophy,Randall William Cook,Thomas Robins,Siosa Fonua,Ralph Johnson,Tim McLachlan,Samuel E. Shore,Philip Grieve,Jarl Benzon,J?rn Benzon,Mana Hira Davis,Noel Appleby,Michael Elsworth,Martyn Sanderson,Norman Forsey,JĂ¸rn Benzon,Zo Hartley,Liz Merton,Grant Roa,Sam Shore,Dean Morganty,Vincent Roxburgh,Peter McKenzie,Lee Hartley,Sam La Hood,Kate O'Rourke,Gino Acevedo,Daniel Andrews,Rodney Bane,Xander Forterie,Ben Britton,Ryan Carey,Timothy Patrick,Tack Daniel,Kester Fordham,Phoebe Gittins,Andy Gunn,Jonathan Harding,Lani Jackson,Gareth Jensen,Greg Lane,Larry Rew,Jason Secto,Ken Stratton,Sarah McLeod,Harry Sinclair,Paul Bryson,Jono Manks,Elizabeth Moody,Jřrn Benzon,Rachel Clentworth,Matt Appleton,Taea Hartwell,Kate O'Rourke,Marta MartĂ­,John Howe,Tim Kano,Steve Reinsfield,Tom Walsh,James Waterhouse-Brown,Brent McIntyre,Victoria Beynon-Cole,Chris Streeter,Jonathan Jordan,Semi Kuresa,Clinton Ulyatt,Lance Fabian Kemp,Thomas McGinty,Mark Fry,Christy Qulliam,Bob Blackwell,Sacha Lee,Bernie Lord,Sharon Maxwell,David J. Muzzerall,Paul Shapcott,Betty Adams,Lynden Berryman,Norman Cates,Merrin Cavel,Branko Dordevich,Rebecca Fitzgerald,Warren Green,Dave Houma,Stu Johnson,Jeff Kingsford-Brown,Peter Lyon,Marta Martí,Richard Maybery,Ax McClennan,Greg 'Danger' Morrison,Blair Morton,Andrew Munro,Mike Stearne,Jo Surgison;Jakość:select:0;BLU-RAY:0;-369.0;Przygodowe , Fantasy , Dramaty;XMAS kolekcje,                                            XMAS,                                            Klasyczne zestawy na PREZENT,                                            ŚRÓDZIEMIE;Polska;Peter Jackson;Christopher Lee, John Rhys-Davies, Sean Beanwięcej;lektornapisy;Po raz pierwszy na Blu-ray. Najbardziej kompletna, 15-płytowa kolekcja - edycja rozszerzona dla prawdziwych wielbicieli. 15 - DYSKOWA KOLEKCJA ZAWIERA: 6 DYSKÓW BLU-RAY - prawie 11 godzin filmu, w tym blisko 3 godziny dodatkowego materiału filmowego - nie pokazywanego nigdy w kinie. 9 DYSKÓW DVD - 28 godzin dodatków specjalnych, w tym wyjątkowe dokumenty z planu filmowego zrealizowane przez Costę Botesa!;7321999308711;BLU-RAY;2011-06-28;Lord of the Rings: The Motion Picture Trilogy Extended Edition;USA, Nowa Zelandia;2001;Peter Jackson, Fran Walsh, Philippa Boyens, J.R.R. Tolkien;PG-13;725;bezpośredni dostęp do scen, sceny usunięte / niewykorzystane, zwiastun kinowy, komentarze audio, sceny dodatkowe, reportaże, wywiady, notatki z produkcji, komentarze reżysera, scenarzystów, aktorów i członków ekipy produkcyjnej, usługa BD-Live, dokumenty:, "Powieść staje się wizją", "Wizja staje się rzeczywistością", "Wyprawa trwa", "Bitwa o Śródziemie rozpoczęta", "Wojna o pierścień", "Przemijająca epoka", unikalne dokumenty z planu filmowego zrealizowane przez zaufanego współpracownika Petera Jacksona - Costę Botesa podczas kręcenia poszczególnych części superprodukcji "Władca Pierścieni";16:9;;;B;BOX;[9xDVD], [6xBLU-RAY]
39;83944;Rambo Trylogia [3xBlu-Ray 4K];299.99;http://localhost/Kino/prestashop/img/p/39/39.jpg;Sylvester Stallone,Chris Mulkey,Bruce Greenwood,Brian Dennehy,John McLiam,Bill McKinney,Stephen E. Miller,Richard Crenna,Alf Humphreys,Don MacKay,Charles A. Tamburro,Michael Talbott,Stephen Dimopoulos,David Caruso,Gary Hetherington,Alex Kliner,David Petersen,David L. Crowley,Jack Starrett,Donald Adams,Raimund Stamm,Patrick Stack,Robert Metcalfe,Mike Winlaw,Craig Huston,Ian Hutchinson,Amy Alexander,R.G. Miller,Earl Klein,Danny Wozna,Peter Lonstrup,David Menzies,Frank Richter,Grahman L. Galativk;Jakość:select:0;BLU-RAY 4K:0;120.0;Akcja , Przygodowe , Thrillery;Rambo - wszystkie części na 4K Ultra HD, Blu-Ray i DVD!,                                            Wybuchowy pakiet Rambo;Polska;Ted Kotcheff;Sylvester Stallone, Chris Mulkey, Bruce Greenwoodwięcej;lektornapisy;;5903018622606;BLU-RAY 4K;2022-11-24;Rambo Trilogy: Rambo First Blood / Rambo II / Rambo III 3xBlu-Ray 4K;USA;1982;Sylvester Stallone, David Morrell, William Sackheim, Michael Kozoll;TV-MA;93, 95, 101;bezpośredni dostęp do scen, menu interaktywne;;;4K, 1080p;A, B, C;blu-ray case;[3xBLU-RAY 4K]
57;1745960;Top Gun: Maverick (steelbook) (Gold) [Blu-Ray 4K]+[Blu-Ray];399.99;http://localhost/Kino/prestashop/img/p/57/57.jpg;Val Kilmer,Ed Harris,Tom Cruise,Jon Hamm,James Handy,Jennifer Connelly,Bob Stephenson,Glen Powell,Rachel Winfree,Charles Parnell,James Quach,Jean Louisa Kelly,Miles Teller,Jay Ellis,Nancy DeMars,Brandon Rush,Rachael Markarian,Mobin Khan,Raymond Lee,Kevin Pitcairn,Bashir Salahuddin,Chelsea Harris,Manny Jacinto,John Luder,Gerren Hall,Peter Mark Kendall,Brian Ferguson,Shannon Kane,Jake Picking,Lewis Pullman,Roberta Sparta,Jason Woods,Adam Pepper,Randy Davison,Monica Barbaro,Danny Ramirez,Sergio Briones,Andre Franco,Molly Malin,Chido Nwokocha,Conny Sharp,Austin Bowerman,Joseph Aro,Ernesto Chaverri,Carl Collanus,India Everett,Daniel Aryeh,Landon Gordon,Dana Byrne,Darnell Kirkwood,Ian Gary,Jennifer Messina,Tom Parks,Charlotte Xia,Stephanie Andrea Barron,Douglas Rouillard,Whylip Lee,Penelope Kapudija,Orion James,John Wilcox,Mark Anthony Cox,Kara Wang,Ghadir,Alexandra Kirr,Greg Tarzan Davis,Alexandra Williams,Catherine Shrader Taylor,Chaz Ingram,Madison A. Taylor,Tristan Henry,Doug Lito,Giulia Lupetti,Jack Emmel,Nicole Gilbert,Giancarlo Sta Cruz,Lyliana Wray,Skylar Witte,Jack Schumacher,Ari Huber,Leland Campbell,Alec Williams,John Visser,Janett Salas,John-Jonne Smith,Travis Fitzgerald,Amy S. Johnson,Ryan Kanfer,John Stableforth,Margatet Strabala,Ryan Heilmann,Shantel Limbo,Jason Robert Boles,Norman Ralph Eliasen,Jillian Moray,Lady Conny Sharples,Jill Pancio,Wyomi Reed,Filip Sertic;Jakość:select:0;BLU-RAY 4K:0;276.13;Dramaty , Akcja;Top Gun: Maverick;Polska;Joseph Kosinski;Val Kilmer, Ed Harris, Tom Cruisewięcej;lektornapisy;Po ponad trzydziestu latach w służbie amerykańskiej marynarki wojennej, jej czołowy pilot, Pete "Maverick" Mitchell jest tam, gdzie być powinien. Jako mistrz w swoim fachu testuje najnowocześniejsze maszyny. Kiedy powraca do TOP GUN, by wyszkolić elitarną grupę absolwentów musi zmierzyć się z duchami przeszłości i stanąć twarzą w twarz z porucznikiem Bradshawem, synem swojego zmarłego przyjaciela "Goose'a". Zaciekła rywalizacja wybucha, gdy piloci przygotowują się do misji. Od wybranych będzie ona wymagała największego poświęcenia.;7321958517475;BLU-RAY 4K;2022-10-31;Top Gun: Maverick 4K Gold steelbook;USA, Chiny;2021, 2022;Ehren Kruger, Christopher McQuarrie, Peter Craig, Jim Cash, Jack Epps Jr., Eric Warren Singer, Justin Marks;PG-13;130;bezpośredni dostęp do scen, menu interaktywne;16:9;HDR10;4K, 1080p;A, B, C;steelbook;[1xBLU-RAY], [1xBLU-RAY 4K]
51;68646;Ojciec Chrzestny Trylogia [3xBlu-Ray 4K];445.99;http://localhost/Kino/prestashop/img/p/51/51.jpg;Robert Duvall,Al Pacino,James Caan,Alex Rocco,Diane Keaton,Vito Scotti,Marlon Brando,Sterling Hayden,Angelo Infanti,Richard Conte,Talia Shire,Richard Bright,Tony Giorgio,Franco Citti,John Marley,Abe Vigoda,Rudy Bond,Gianni Russo,Corrado Gaipa,Julie Gregg,Al Lettieri,John Cazale,Lenny Montana,Richard S. Castellano,Simonetta Stefanelli,John Martino,Morgana King,Victor Rendina,Jeannie Linero,Tere Livrano,Al Martino,Salvatore Corsitto,Ardell Sheridan,Saro Urzì;Jakość:select:0;BLU-RAY 4K:0;0;Dramaty , Kryminały;Nowości;Polska;Francis Ford Coppola;Robert Duvall, Al Pacino, James Caanwięcej;napisy;Wersja zremasterowana i odrestaurowana z okazji 50-tej rocznicy powstania Ojca Chrzestnego. Arcydzieło sztuki filmowej - mistrzowska adaptacja sagi Mario Puzo w reżyserii Francisa Forda Coppoli to wyrazisty i poruszający portret sycylijskiej rodziny, która desperacko stara się zachować swoje wpływy w pełnej korupcji, oszustw i zdrady powojennej Ameryce. Zobacz obraz, który przez wielu określony został najlepszym amerykańskim filmem wszech czasów! W skład zremasterowanej i odnowionej trylogii wchodzą nagrodzone Oscarem® za Najlepszy Film obrazy: Ojciec Chrzestny i Ojciec Chrzestny II oraz Ojciec Chrzestny Mario Puzo, Epilog: Śmierć Michaela Corleone - odnowiona przez reżysera w 2020 roku ostatnia część trylogii. Bonusowa płyta Blu-ray zawiera godziny materiałów dodatkowych oraz niepublikowane wcześniej treści z nowym spojrzeniem na filmowe dziedzictwo.;7321956517415;BLU-RAY 4K;2022-12-07;The Godfather;USA;1972;Francis Ford Coppola, Mario Puzo;TV-14;534;bezpośredni dostęp do scen, menu interaktywne;16:9;;4K;A, B, C;blu-ray case;[3xBLU-RAY 4K]
62;120737;Władca Pierścieni Trylogia [BOX] [9xBlu-Ray 4K];599.99;http://localhost/Kino/prestashop/img/p/62/62.jpg;Christopher Lee,John Rhys-Davies,Sean Bean,Ian Holm,Andy Serkis,Elijah Wood,Sean Astin,Ian McKellen,Cate Blanchett,Viggo Mortensen,Marton Csokas,Hugo Weaving,Orlando Bloom,Liv Tyler,Sala Baker,Dominic Monaghan,Billy Boyd,Alan Howard,Ian Mune,Phil Grieve,Craig Parker,Cameron Rhodes,Billy Jackson,Lawrence Makoare,Katie Jackson,Mark Ferguson,David Weatherley,Ben Price,Megan Edwards,Noel Appleby,Michael Elsworth,Martyn Sanderson,Peter McKenzie,Lee Hartley,Sam La Hood,Sarah McLeod,Harry Sinclair,Paul Bryson,Jono Manks,Brent McIntyre,Victoria Beynon-Cole,Chris Streeter,Jonathan Jordan,Semi Kuresa,Clinton Ulyatt,Lance Fabian Kemp;Jakość:select:0;BLU-RAY 4K:0;0;Akcja , Fantasy , Dramaty , Przygodowe;ŚRÓDZIEMIE ,                                            Władca Pierścieni i Hobbit na 4K Ultra HD;Polska;Peter Jackson;Christopher Lee, John Rhys-Davies, Sean Beanwięcej;napisy;Po raz pierwszy w najwyższej jakości 4K UHD. Ponadczasowa trylogia zdobywcy Nagrody Akademii, reżysera Peter Jacksona. Trzy filmy: Władca Pierścieni: Drużyna Pierścienia, Władca Pierścieni: Dwie Wieże oraz Władca Pierścieni: Powrót Króla, w edycjach kinowych i rozszerzonych.;7321931354356;BLU-RAY 4K;2020-12-02;The Lord of the Rings: The Motion Picture Trilogy 4K;Nowa Zelandia, USA;2001;Peter Jackson, Fran Walsh, Philippa Boyens, J.R.R. Tolkien;PG-13;;bezpośredni dostęp do scen, menu interaktywne;16:9, 2,39:1;HDR10;4K;A, B, C;BOX;[9xBLU-RAY 4K]
